{"overrides":[{"predicate":{"custom_model_data":1},"model":"modelengine:internal_fire/fire_0"},{"predicate":{"custom_model_data":2},"model":"modelengine:internal_fire/fire_1"},{"predicate":{"custom_model_data":3},"model":"modelengine:goblin/body"},{"predicate":{"custom_model_data":4},"model":"modelengine:goblin/head"},{"predicate":{"custom_model_data":5},"model":"modelengine:goblin/left_leg"},{"predicate":{"custom_model_data":6},"model":"modelengine:goblin/right_leg"},{"predicate":{"custom_model_data":7},"model":"modelengine:goblin/right_arm"},{"predicate":{"custom_model_data":8},"model":"modelengine:goblin/left_arm"},{"predicate":{"custom_model_data":9},"model":"modelengine:goblin/left_lowerleg"},{"predicate":{"custom_model_data":10},"model":"modelengine:goblin/right_lowerleg"},{"predicate":{"custom_model_data":11},"model":"modelengine:goblin/right_forearm"},{"predicate":{"custom_model_data":12},"model":"modelengine:goblin/left_forearm"},{"predicate":{"custom_model_data":13},"model":"modelengine:shaman/body"},{"predicate":{"custom_model_data":14},"model":"modelengine:shaman/neck"},{"predicate":{"custom_model_data":15},"model":"modelengine:shaman/right_arm"},{"predicate":{"custom_model_data":16},"model":"modelengine:shaman/right_leg"},{"predicate":{"custom_model_data":17},"model":"modelengine:shaman/left_arm"},{"predicate":{"custom_model_data":18},"model":"modelengine:shaman/left_leg"},{"predicate":{"custom_model_data":19},"model":"modelengine:shaman/head"},{"predicate":{"custom_model_data":20},"model":"modelengine:shaman/right_forearm"},{"predicate":{"custom_model_data":21},"model":"modelengine:shaman/right_lowerleg"},{"predicate":{"custom_model_data":22},"model":"modelengine:shaman/left_forearm"},{"predicate":{"custom_model_data":23},"model":"modelengine:shaman/left_lowerleg"},{"predicate":{"custom_model_data":24},"model":"modelengine:dwarf.geo/right_leg"},{"predicate":{"custom_model_data":25},"model":"modelengine:dwarf.geo/right_arm"},{"predicate":{"custom_model_data":26},"model":"modelengine:dwarf.geo/left_leg"},{"predicate":{"custom_model_data":27},"model":"modelengine:dwarf.geo/head"},{"predicate":{"custom_model_data":28},"model":"modelengine:dwarf.geo/body"},{"predicate":{"custom_model_data":29},"model":"modelengine:dwarf.geo/left_arm"}],"parent":"minecraft:item/generated","textures":{"layer0":"minecraft:item/leather_horse_armor"}}