{"textures":{"0":"modelengine:entity/goblin","particle":"#0"},"elements":[{"from":[7.0,3.0,5.5],"to":[9.0,4.0,6.5],"faces":{"east":{"uv":[10.25,11.25,10.5,11.5],"tintindex":0,"rotation":0,"texture":"#0"},"south":{"uv":[11.25,7.75,11.75,8.0],"tintindex":0,"rotation":0,"texture":"#0"},"north":{"uv":[7.75,11.25,8.25,11.5],"tintindex":0,"rotation":0,"texture":"#0"},"west":{"uv":[11.25,10.25,11.5,10.5],"tintindex":0,"rotation":0,"texture":"#0"},"up":{"uv":[11.75,8.25,11.25,8.0],"tintindex":0,"rotation":0,"texture":"#0"},"down":{"uv":[8.75,11.25,8.25,11.5],"tintindex":0,"rotation":0,"texture":"#0"}}},{"from":[4.0,4.0,5.0],"to":[12.0,12.0,11.0],"faces":{"east":{"uv":[2.0,0.0,3.5,2.0],"tintindex":0,"rotation":0,"texture":"#0"},"south":{"uv":[0.0,2.0,2.0,4.0],"tintindex":0,"rotation":0,"texture":"#0"},"north":{"uv":[0.0,0.0,2.0,2.0],"tintindex":0,"rotation":0,"texture":"#0"},"west":{"uv":[2.0,2.0,3.5,4.0],"tintindex":0,"rotation":0,"texture":"#0"},"up":{"uv":[5.5,1.5,3.5,0.0],"tintindex":0,"rotation":0,"texture":"#0"},"down":{"uv":[5.5,1.5,3.5,3.0],"tintindex":0,"rotation":0,"texture":"#0"}}},{"from":[5.0,1.0,6.0],"to":[11.0,6.0,10.0],"faces":{"east":{"uv":[1.25,7.0,2.25,8.25],"tintindex":0,"rotation":0,"texture":"#0"},"south":{"uv":[1.25,5.75,2.75,7.0],"tintindex":0,"rotation":0,"texture":"#0"},"north":{"uv":[5.5,1.75,7.0,3.0],"tintindex":0,"rotation":0,"texture":"#0"},"west":{"uv":[7.0,1.5,8.0,2.75],"tintindex":0,"rotation":0,"texture":"#0"},"up":{"uv":[8.0,7.5,6.5,6.5],"tintindex":0,"rotation":0,"texture":"#0"},"down":{"uv":[8.25,0.0,6.75,1.0],"tintindex":0,"rotation":0,"texture":"#0"}}}],"display":{"gui":{"rotation":[-150.0,-45.0,180.0]}}}