{"textures":{"0":"modelengine:entity/goblin","particle":"#0"},"elements":[{"from":[5.5,9.0,4.5],"to":[10.5,10.0,11.0],"faces":{"east":{"uv":[10.5,6.5,12.25,6.75],"tintindex":0,"rotation":0,"texture":"#0"},"south":{"uv":[6.0,10.75,7.25,11.0],"tintindex":0,"rotation":0,"texture":"#0"},"north":{"uv":[10.75,2.75,12.0,3.0],"tintindex":0,"rotation":0,"texture":"#0"},"west":{"uv":[10.5,6.75,12.25,7.0],"tintindex":0,"rotation":0,"texture":"#0"},"up":{"uv":[1.25,7.25,0.0,5.5],"tintindex":0,"rotation":0,"texture":"#0"},"down":{"uv":[6.75,0.0,5.5,1.75],"tintindex":0,"rotation":0,"texture":"#0"}}},{"from":[4.5,2.0,4.0],"to":[11.5,6.0,8.0],"faces":{"east":{"uv":[6.75,3.5,7.75,4.5],"tintindex":0,"rotation":0,"texture":"#0"},"south":{"uv":[2.75,6.25,4.5,7.25],"tintindex":0,"rotation":0,"texture":"#0"},"north":{"uv":[4.75,6.0,6.5,7.0],"tintindex":0,"rotation":0,"texture":"#0"},"west":{"uv":[7.5,7.5,8.5,8.5],"tintindex":0,"rotation":0,"texture":"#0"},"up":{"uv":[8.0,5.5,6.25,4.5],"tintindex":0,"rotation":0,"texture":"#0"},"down":{"uv":[8.25,5.5,6.5,6.5],"tintindex":0,"rotation":0,"texture":"#0"}}},{"from":[11.0,8.0,8.0],"to":[15.0,9.0,9.0],"faces":{"east":{"uv":[11.25,8.25,11.5,8.5],"tintindex":0,"rotation":0,"texture":"#0"},"south":{"uv":[8.25,0.75,9.25,1.0],"tintindex":0,"rotation":0,"texture":"#0"},"north":{"uv":[7.0,2.75,8.0,3.0],"tintindex":0,"rotation":0,"texture":"#0"},"west":{"uv":[11.25,8.5,11.5,8.75],"tintindex":0,"rotation":0,"texture":"#0"},"up":{"uv":[11.75,7.25,10.75,7.0],"tintindex":0,"rotation":0,"texture":"#0"},"down":{"uv":[11.75,7.25,10.75,7.5],"tintindex":0,"rotation":0,"texture":"#0"}},"rotation":{"origin":[12.666666,6.5,8.5],"angle":22.5,"axis":"z"}},{"from":[5.0,8.0,4.0],"to":[7.0,9.0,5.0],"faces":{"east":{"uv":[4.25,9.5,4.5,9.75],"tintindex":0,"rotation":0,"texture":"#0"},"south":{"uv":[0.0,11.25,0.5,11.5],"tintindex":0,"rotation":0,"texture":"#0"},"north":{"uv":[0.0,11.0,0.5,11.25],"tintindex":0,"rotation":0,"texture":"#0"},"west":{"uv":[7.25,10.75,7.5,11.0],"tintindex":0,"rotation":0,"texture":"#0"},"up":{"uv":[1.0,11.5,0.5,11.25],"tintindex":0,"rotation":0,"texture":"#0"},"down":{"uv":[1.5,11.25,1.0,11.5],"tintindex":0,"rotation":0,"texture":"#0"}},"rotation":{"origin":[6.5,7.5,4.5],"angle":-22.5,"axis":"z"}},{"from":[11.0,7.0,8.0],"to":[15.0,8.0,9.0],"faces":{"east":{"uv":[8.75,11.25,9.0,11.5],"tintindex":0,"rotation":0,"texture":"#0"},"south":{"uv":[9.75,10.75,10.75,11.0],"tintindex":0,"rotation":0,"texture":"#0"},"north":{"uv":[10.75,7.5,11.75,7.75],"tintindex":0,"rotation":0,"texture":"#0"},"west":{"uv":[11.25,8.75,11.5,9.0],"tintindex":0,"rotation":0,"texture":"#0"},"up":{"uv":[11.75,11.0,10.75,10.75],"tintindex":0,"rotation":0,"texture":"#0"},"down":{"uv":[12.0,4.25,11.0,4.5],"tintindex":0,"rotation":0,"texture":"#0"}},"rotation":{"origin":[12.666666,6.5,8.5],"angle":22.5,"axis":"z"}},{"from":[5.0,3.5,4.5],"to":[11.0,9.5,11.5],"faces":{"east":{"uv":[3.5,3.0,5.25,4.5],"tintindex":0,"rotation":0,"texture":"#0"},"south":{"uv":[5.25,3.0,6.75,4.5],"tintindex":0,"rotation":0,"texture":"#0"},"north":{"uv":[4.75,4.5,6.25,6.0],"tintindex":0,"rotation":0,"texture":"#0"},"west":{"uv":[0.0,4.0,1.75,5.5],"tintindex":0,"rotation":0,"texture":"#0"},"up":{"uv":[3.25,5.75,1.75,4.0],"tintindex":0,"rotation":0,"texture":"#0"},"down":{"uv":[4.75,4.5,3.25,6.25],"tintindex":0,"rotation":0,"texture":"#0"}}},{"from":[7.5,5.5,2.0],"to":[8.5,6.5,5.0],"faces":{"east":{"uv":[8.5,11.0,9.25,11.25],"tintindex":0,"rotation":0,"texture":"#0"},"south":{"uv":[11.25,10.0,11.5,10.25],"tintindex":0,"rotation":0,"texture":"#0"},"north":{"uv":[10.0,11.25,10.25,11.5],"tintindex":0,"rotation":0,"texture":"#0"},"west":{"uv":[9.25,11.0,10.0,11.25],"tintindex":0,"rotation":0,"texture":"#0"},"up":{"uv":[4.75,7.0,4.5,6.25],"tintindex":0,"rotation":0,"texture":"#0"},"down":{"uv":[0.75,8.75,0.5,9.5],"tintindex":0,"rotation":0,"texture":"#0"}},"rotation":{"origin":[8.0,6.5,3.5],"angle":-45.0,"axis":"x"}},{"from":[11.0,6.0,8.0],"to":[13.0,7.0,9.0],"faces":{"east":{"uv":[9.0,11.25,9.25,11.5],"tintindex":0,"rotation":0,"texture":"#0"},"south":{"uv":[2.0,11.25,2.5,11.5],"tintindex":0,"rotation":0,"texture":"#0"},"north":{"uv":[1.5,11.25,2.0,11.5],"tintindex":0,"rotation":0,"texture":"#0"},"west":{"uv":[11.25,9.0,11.5,9.25],"tintindex":0,"rotation":0,"texture":"#0"},"up":{"uv":[3.0,11.5,2.5,11.25],"tintindex":0,"rotation":0,"texture":"#0"},"down":{"uv":[3.5,11.25,3.0,11.5],"tintindex":0,"rotation":0,"texture":"#0"}},"rotation":{"origin":[12.666666,6.5,8.5],"angle":22.5,"axis":"z"}},{"from":[0.25,8.25,8.0],"to":[2.25,9.25,9.0],"faces":{"east":{"uv":[9.75,11.25,10.0,11.5],"tintindex":0,"rotation":0,"texture":"#0"},"south":{"uv":[11.25,6.25,11.75,6.5],"tintindex":0,"rotation":0,"texture":"#0"},"north":{"uv":[11.25,6.0,11.75,6.25],"tintindex":0,"rotation":0,"texture":"#0"},"west":{"uv":[11.25,9.75,11.5,10.0],"tintindex":0,"rotation":0,"texture":"#0"},"up":{"uv":[7.0,11.5,6.5,11.25],"tintindex":0,"rotation":0,"texture":"#0"},"down":{"uv":[7.5,11.25,7.0,11.5],"tintindex":0,"rotation":0,"texture":"#0"}},"rotation":{"origin":[1.0,9.5,8.5],"angle":22.5,"axis":"z"}},{"from":[6.0,2.0,9.0],"to":[10.0,6.0,12.0],"faces":{"east":{"uv":[4.25,9.75,5.0,10.75],"tintindex":0,"rotation":0,"texture":"#0"},"south":{"uv":[8.0,1.5,9.0,2.5],"tintindex":0,"rotation":0,"texture":"#0"},"north":{"uv":[7.75,3.5,8.75,4.5],"tintindex":0,"rotation":0,"texture":"#0"},"west":{"uv":[5.0,9.75,5.75,10.75],"tintindex":0,"rotation":0,"texture":"#0"},"up":{"uv":[10.5,7.0,9.5,6.25],"tintindex":0,"rotation":0,"texture":"#0"},"down":{"uv":[10.75,7.0,9.75,7.75],"tintindex":0,"rotation":0,"texture":"#0"}},"rotation":{"origin":[8.0,4.5,10.5],"angle":-22.5,"axis":"x"}},{"from":[9.0,8.0,4.0],"to":[11.0,9.0,5.0],"faces":{"east":{"uv":[6.75,1.5,7.0,1.75],"tintindex":0,"rotation":0,"texture":"#0"},"south":{"uv":[2.25,7.0,2.75,7.25],"tintindex":0,"rotation":0,"texture":"#0"},"north":{"uv":[1.25,5.5,1.75,5.75],"tintindex":0,"rotation":0,"texture":"#0"},"west":{"uv":[8.5,8.25,8.75,8.5],"tintindex":0,"rotation":0,"texture":"#0"},"up":{"uv":[9.25,10.25,8.75,10.0],"tintindex":0,"rotation":0,"texture":"#0"},"down":{"uv":[4.25,10.5,3.75,10.75],"tintindex":0,"rotation":0,"texture":"#0"}},"rotation":{"origin":[9.5,7.5,4.5],"angle":22.5,"axis":"z"}},{"from":[1.0,7.0,8.0],"to":[5.0,9.0,9.0],"faces":{"east":{"uv":[10.25,5.75,10.5,6.25],"tintindex":0,"rotation":0,"texture":"#0"},"south":{"uv":[10.5,3.75,11.5,4.25],"tintindex":0,"rotation":0,"texture":"#0"},"north":{"uv":[8.0,2.5,9.0,3.0],"tintindex":0,"rotation":0,"texture":"#0"},"west":{"uv":[5.5,10.75,5.75,11.25],"tintindex":0,"rotation":0,"texture":"#0"},"up":{"uv":[12.0,4.75,11.0,4.5],"tintindex":0,"rotation":0,"texture":"#0"},"down":{"uv":[12.0,4.75,11.0,5.0],"tintindex":0,"rotation":0,"texture":"#0"}},"rotation":{"origin":[3.5,6.25,8.5],"angle":-22.5,"axis":"z"}},{"from":[13.75,8.25,8.0],"to":[15.75,9.25,9.0],"faces":{"east":{"uv":[9.25,11.25,9.5,11.5],"tintindex":0,"rotation":0,"texture":"#0"},"south":{"uv":[11.25,3.25,11.75,3.5],"tintindex":0,"rotation":0,"texture":"#0"},"north":{"uv":[11.25,3.0,11.75,3.25],"tintindex":0,"rotation":0,"texture":"#0"},"west":{"uv":[11.25,9.25,11.5,9.5],"tintindex":0,"rotation":0,"texture":"#0"},"up":{"uv":[4.0,11.5,3.5,11.25],"tintindex":0,"rotation":0,"texture":"#0"},"down":{"uv":[11.75,3.5,11.25,3.75],"tintindex":0,"rotation":0,"texture":"#0"}},"rotation":{"origin":[15.0,9.0,8.5],"angle":-22.5,"axis":"z"}},{"from":[3.0,6.0,8.0],"to":[5.0,7.0,9.0],"faces":{"east":{"uv":[9.5,11.25,9.75,11.5],"tintindex":0,"rotation":0,"texture":"#0"},"south":{"uv":[4.5,11.25,5.0,11.5],"tintindex":0,"rotation":0,"texture":"#0"},"north":{"uv":[4.0,11.25,4.5,11.5],"tintindex":0,"rotation":0,"texture":"#0"},"west":{"uv":[11.25,9.5,11.5,9.75],"tintindex":0,"rotation":0,"texture":"#0"},"up":{"uv":[11.75,6.0,11.25,5.75],"tintindex":0,"rotation":0,"texture":"#0"},"down":{"uv":[6.5,11.25,6.0,11.5],"tintindex":0,"rotation":0,"texture":"#0"}},"rotation":{"origin":[3.5,6.25,8.5],"angle":-22.5,"axis":"z"}}],"display":{"gui":{"rotation":[-150.0,-45.0,180.0]}}}