{"textures":{"0":"modelengine:entity/goblin","particle":"#0"},"elements":[{"from":[7.0,1.0,7.0],"to":[9.0,8.0,9.0],"faces":{"east":{"uv":[9.25,8.75,9.75,10.5],"tintindex":0,"rotation":0,"texture":"#0"},"south":{"uv":[0.5,9.5,1.0,11.25],"tintindex":0,"rotation":0,"texture":"#0"},"north":{"uv":[9.25,7.0,9.75,8.75],"tintindex":0,"rotation":0,"texture":"#0"},"west":{"uv":[1.0,9.5,1.5,11.25],"tintindex":0,"rotation":0,"texture":"#0"},"up":{"uv":[0.5,11.0,0.0,10.5],"tintindex":0,"rotation":0,"texture":"#0"},"down":{"uv":[9.75,10.5,9.25,11.0],"tintindex":0,"rotation":0,"texture":"#0"}}},{"from":[6.5,6.0,6.5],"to":[9.5,9.0,9.5],"faces":{"east":{"uv":[10.5,7.75,11.25,8.5],"tintindex":0,"rotation":0,"texture":"#0"},"south":{"uv":[10.5,8.5,11.25,9.25],"tintindex":0,"rotation":0,"texture":"#0"},"north":{"uv":[10.5,5.75,11.25,6.5],"tintindex":0,"rotation":0,"texture":"#0"},"west":{"uv":[10.5,9.25,11.25,10.0],"tintindex":0,"rotation":0,"texture":"#0"},"up":{"uv":[11.25,10.75,10.5,10.0],"tintindex":0,"rotation":0,"texture":"#0"},"down":{"uv":[11.5,0.0,10.75,0.75],"tintindex":0,"rotation":0,"texture":"#0"}}},{"from":[6.0,7.0,6.0],"to":[9.0,10.0,10.0],"faces":{"east":{"uv":[9.0,2.25,10.0,3.0],"tintindex":0,"rotation":0,"texture":"#0"},"south":{"uv":[10.75,1.5,11.5,2.25],"tintindex":0,"rotation":0,"texture":"#0"},"north":{"uv":[10.75,0.75,11.5,1.5],"tintindex":0,"rotation":0,"texture":"#0"},"west":{"uv":[9.5,3.5,10.5,4.25],"tintindex":0,"rotation":0,"texture":"#0"},"up":{"uv":[10.25,5.25,9.5,4.25],"tintindex":0,"rotation":0,"texture":"#0"},"down":{"uv":[10.25,5.25,9.5,6.25],"tintindex":0,"rotation":0,"texture":"#0"}},"rotation":{"origin":[7.5,8.5,8.0],"angle":-22.5,"axis":"z"}}],"display":{"gui":{"rotation":[-150.0,-45.0,180.0]}}}