{"textures":{"0":"modelengine:entity/goblin","particle":"#0"},"elements":[{"from":[6.5,3.0,6.5],"to":[9.5,8.0,9.5],"faces":{"east":{"uv":[5.25,8.5,6.0,9.75],"tintindex":0,"rotation":0,"texture":"#0"},"south":{"uv":[8.5,7.0,9.25,8.25],"tintindex":0,"rotation":0,"texture":"#0"},"north":{"uv":[4.5,8.5,5.25,9.75],"tintindex":0,"rotation":0,"texture":"#0"},"west":{"uv":[7.5,8.5,8.25,9.75],"tintindex":0,"rotation":0,"texture":"#0"},"up":{"uv":[10.5,10.0,9.75,9.25],"tintindex":0,"rotation":0,"texture":"#0"},"down":{"uv":[10.75,0.0,10.0,0.75],"tintindex":0,"rotation":0,"texture":"#0"}}},{"from":[6.5,3.0,5.5],"to":[9.5,5.0,6.5],"faces":{"east":{"uv":[8.0,6.5,8.25,7.0],"tintindex":0,"rotation":0,"texture":"#0"},"south":{"uv":[4.5,10.75,5.25,11.25],"tintindex":0,"rotation":0,"texture":"#0"},"north":{"uv":[3.75,10.75,4.5,11.25],"tintindex":0,"rotation":0,"texture":"#0"},"west":{"uv":[9.75,1.0,10.0,1.5],"tintindex":0,"rotation":0,"texture":"#0"},"up":{"uv":[7.5,11.25,6.75,11.0],"tintindex":0,"rotation":0,"texture":"#0"},"down":{"uv":[8.5,11.0,7.75,11.25],"tintindex":0,"rotation":0,"texture":"#0"}}}],"display":{"gui":{"rotation":[-150.0,-45.0,180.0]}}}