{"textures":{"0":"modelengine:entity/goblin","particle":"#0"},"elements":[{"from":[7.0,1.0,7.0],"to":[9.0,8.0,9.0],"faces":{"east":{"uv":[0.0,8.75,0.5,10.5],"tintindex":0,"rotation":0,"texture":"#0"},"south":{"uv":[2.25,8.75,2.75,10.5],"tintindex":0,"rotation":0,"texture":"#0"},"north":{"uv":[8.25,8.5,8.75,10.25],"tintindex":0,"rotation":0,"texture":"#0"},"west":{"uv":[2.75,8.75,3.25,10.5],"tintindex":0,"rotation":0,"texture":"#0"},"up":{"uv":[3.25,6.25,2.75,5.75],"tintindex":0,"rotation":0,"texture":"#0"},"down":{"uv":[6.5,7.0,6.0,7.5],"tintindex":0,"rotation":0,"texture":"#0"}}}],"display":{"gui":{"rotation":[-150.0,-45.0,180.0]}}}