{"textures":{"0":"modelengine:entity/goblin","particle":"#0"},"elements":[{"from":[6.5,2.0,6.5],"to":[9.5,8.0,9.5],"faces":{"east":{"uv":[3.75,7.25,4.5,8.75],"tintindex":0,"rotation":0,"texture":"#0"},"south":{"uv":[6.0,7.5,6.75,9.0],"tintindex":0,"rotation":0,"texture":"#0"},"north":{"uv":[3.0,7.25,3.75,8.75],"tintindex":0,"rotation":0,"texture":"#0"},"west":{"uv":[6.75,7.5,7.5,9.0],"tintindex":0,"rotation":0,"texture":"#0"},"up":{"uv":[10.75,3.0,10.0,2.25],"tintindex":0,"rotation":0,"texture":"#0"},"down":{"uv":[10.5,10.0,9.75,10.75],"tintindex":0,"rotation":0,"texture":"#0"}}}],"display":{"gui":{"rotation":[-150.0,-45.0,180.0]}}}