{"textures":{"0":"modelengine:entity/goblin","particle":"#0"},"elements":[{"from":[6.5,2.0,6.5],"to":[9.5,8.0,9.5],"faces":{"east":{"uv":[5.25,7.0,6.0,8.5],"tintindex":0,"rotation":0,"texture":"#0"},"south":{"uv":[0.0,7.25,0.75,8.75],"tintindex":0,"rotation":0,"texture":"#0"},"north":{"uv":[4.5,7.0,5.25,8.5],"tintindex":0,"rotation":0,"texture":"#0"},"west":{"uv":[2.25,7.25,3.0,8.75],"tintindex":0,"rotation":0,"texture":"#0"},"up":{"uv":[10.75,1.5,10.0,0.75],"tintindex":0,"rotation":0,"texture":"#0"},"down":{"uv":[10.75,1.5,10.0,2.25],"tintindex":0,"rotation":0,"texture":"#0"}}},{"from":[7.5,4.0,-4.0],"to":[8.5,5.0,-1.0],"faces":{"east":{"uv":[10.0,11.0,10.75,11.25],"tintindex":0,"rotation":0,"texture":"#0"},"south":{"uv":[11.25,10.5,11.5,10.75],"tintindex":0,"rotation":0,"texture":"#0"},"north":{"uv":[10.5,11.25,10.75,11.5],"tintindex":0,"rotation":0,"texture":"#0"},"west":{"uv":[10.75,11.0,11.5,11.25],"tintindex":0,"rotation":0,"texture":"#0"},"up":{"uv":[4.5,9.5,4.25,8.75],"tintindex":0,"rotation":0,"texture":"#0"},"down":{"uv":[5.5,10.75,5.25,11.5],"tintindex":0,"rotation":0,"texture":"#0"}}},{"from":[7.5,3.0,-1.0],"to":[8.5,5.0,11.0],"faces":{"east":{"uv":[6.75,1.0,9.75,1.5],"tintindex":0,"rotation":0,"texture":"#0"},"south":{"uv":[5.5,11.25,5.75,11.75],"tintindex":0,"rotation":0,"texture":"#0"},"north":{"uv":[5.0,11.25,5.25,11.75],"tintindex":0,"rotation":0,"texture":"#0"},"west":{"uv":[6.75,3.0,9.75,3.5],"tintindex":0,"rotation":0,"texture":"#0"},"up":{"uv":[6.0,12.75,5.75,9.75],"tintindex":0,"rotation":0,"texture":"#0"},"down":{"uv":[7.75,9.75,7.5,12.75],"tintindex":0,"rotation":0,"texture":"#0"}}},{"from":[7.5,2.0,2.0],"to":[8.5,3.0,6.0],"faces":{"east":{"uv":[11.0,5.0,12.0,5.25],"tintindex":0,"rotation":0,"texture":"#0"},"south":{"uv":[11.0,11.25,11.25,11.5],"tintindex":0,"rotation":0,"texture":"#0"},"north":{"uv":[10.75,11.25,11.0,11.5],"tintindex":0,"rotation":0,"texture":"#0"},"west":{"uv":[11.0,5.25,12.0,5.5],"tintindex":0,"rotation":0,"texture":"#0"},"up":{"uv":[8.25,5.5,8.0,4.5],"tintindex":0,"rotation":0,"texture":"#0"},"down":{"uv":[9.0,3.5,8.75,4.5],"tintindex":0,"rotation":0,"texture":"#0"}}}],"display":{"gui":{"rotation":[-150.0,-45.0,180.0]}}}