{"textures":{"0":"modelengine:entity/goblin","particle":"#0"},"elements":[{"from":[7.0,7.0,6.0],"to":[10.0,10.0,10.0],"faces":{"east":{"uv":[8.25,0.0,9.25,0.75],"tintindex":0,"rotation":0,"texture":"#0"},"south":{"uv":[10.25,5.0,11.0,5.75],"tintindex":0,"rotation":0,"texture":"#0"},"north":{"uv":[10.25,4.25,11.0,5.0],"tintindex":0,"rotation":0,"texture":"#0"},"west":{"uv":[9.0,1.5,10.0,2.25],"tintindex":0,"rotation":0,"texture":"#0"},"up":{"uv":[10.0,1.0,9.25,0.0],"tintindex":0,"rotation":0,"texture":"#0"},"down":{"uv":[2.25,9.5,1.5,10.5],"tintindex":0,"rotation":0,"texture":"#0"}},"rotation":{"origin":[8.5,8.5,8.0],"angle":22.5,"axis":"z"}},{"from":[7.0,1.0,7.0],"to":[9.0,8.0,9.0],"faces":{"east":{"uv":[6.0,9.0,6.5,10.75],"tintindex":0,"rotation":0,"texture":"#0"},"south":{"uv":[6.5,9.0,7.0,10.75],"tintindex":0,"rotation":0,"texture":"#0"},"north":{"uv":[9.0,5.25,9.5,7.0],"tintindex":0,"rotation":0,"texture":"#0"},"west":{"uv":[7.0,9.0,7.5,10.75],"tintindex":0,"rotation":0,"texture":"#0"},"up":{"uv":[8.5,7.5,8.0,7.0],"tintindex":0,"rotation":0,"texture":"#0"},"down":{"uv":[8.25,9.75,7.75,10.25],"tintindex":0,"rotation":0,"texture":"#0"}}},{"from":[6.5,6.0,6.5],"to":[9.5,9.0,9.5],"faces":{"east":{"uv":[8.5,10.25,9.25,11.0],"tintindex":0,"rotation":0,"texture":"#0"},"south":{"uv":[1.5,10.5,2.25,11.25],"tintindex":0,"rotation":0,"texture":"#0"},"north":{"uv":[7.75,10.25,8.5,11.0],"tintindex":0,"rotation":0,"texture":"#0"},"west":{"uv":[2.25,10.5,3.0,11.25],"tintindex":0,"rotation":0,"texture":"#0"},"up":{"uv":[3.75,11.25,3.0,10.5],"tintindex":0,"rotation":0,"texture":"#0"},"down":{"uv":[11.25,3.0,10.5,3.75],"tintindex":0,"rotation":0,"texture":"#0"}}}],"display":{"gui":{"rotation":[-150.0,-45.0,180.0]}}}