{"textures":{"0":"modelengine:entity/goblin","particle":"#0"},"elements":[{"from":[6.5,3.0,5.5],"to":[9.5,5.0,6.5],"faces":{"east":{"uv":[3.25,4.0,3.5,4.5],"tintindex":0,"rotation":0,"texture":"#0"},"south":{"uv":[10.75,2.25,11.5,2.75],"tintindex":0,"rotation":0,"texture":"#0"},"north":{"uv":[9.75,3.0,10.5,3.5],"tintindex":0,"rotation":0,"texture":"#0"},"west":{"uv":[6.25,5.5,6.5,6.0],"tintindex":0,"rotation":0,"texture":"#0"},"up":{"uv":[11.75,5.75,11.0,5.5],"tintindex":0,"rotation":0,"texture":"#0"},"down":{"uv":[6.75,11.0,6.0,11.25],"tintindex":0,"rotation":0,"texture":"#0"}}},{"from":[6.5,3.0,6.5],"to":[9.5,8.0,9.5],"faces":{"east":{"uv":[1.5,8.25,2.25,9.5],"tintindex":0,"rotation":0,"texture":"#0"},"south":{"uv":[8.25,4.5,9.0,5.75],"tintindex":0,"rotation":0,"texture":"#0"},"north":{"uv":[0.75,8.25,1.5,9.5],"tintindex":0,"rotation":0,"texture":"#0"},"west":{"uv":[8.25,5.75,9.0,7.0],"tintindex":0,"rotation":0,"texture":"#0"},"up":{"uv":[10.5,8.5,9.75,7.75],"tintindex":0,"rotation":0,"texture":"#0"},"down":{"uv":[10.5,8.5,9.75,9.25],"tintindex":0,"rotation":0,"texture":"#0"}}}],"display":{"gui":{"rotation":[-150.0,-45.0,180.0]}}}