{"textures":{"0":"modelengine:entity/goblin","particle":"#0"},"elements":[{"from":[7.0,1.0,7.0],"to":[9.0,8.0,9.0],"faces":{"east":{"uv":[3.75,8.75,4.25,10.5],"tintindex":0,"rotation":0,"texture":"#0"},"south":{"uv":[8.75,8.25,9.25,10.0],"tintindex":0,"rotation":0,"texture":"#0"},"north":{"uv":[3.25,8.75,3.75,10.5],"tintindex":0,"rotation":0,"texture":"#0"},"west":{"uv":[9.0,3.5,9.5,5.25],"tintindex":0,"rotation":0,"texture":"#0"},"up":{"uv":[1.25,7.75,0.75,7.25],"tintindex":0,"rotation":0,"texture":"#0"},"down":{"uv":[1.25,7.75,0.75,8.25],"tintindex":0,"rotation":0,"texture":"#0"}}}],"display":{"gui":{"rotation":[-150.0,-45.0,180.0]}}}