{"textures":{"0":"modelengine:entity/dwarf","particle":"#0"},"elements":[{"from":[3.5,3.0,4.0],"to":[4.5,8.0,6.0],"faces":{"east":{"uv":[4.375,2.625,4.625,3.25],"tintindex":0,"rotation":0,"texture":"#0"},"south":{"uv":[6.375,3.375,6.5,4.0],"tintindex":0,"rotation":0,"texture":"#0"},"north":{"uv":[5.0,0.875,5.125,1.5],"tintindex":0,"rotation":0,"texture":"#0"},"west":{"uv":[5.125,2.0,5.375,2.625],"tintindex":0,"rotation":0,"texture":"#0"},"up":{"uv":[1.125,8.625,1.0,8.375],"tintindex":0,"rotation":0,"texture":"#0"},"down":{"uv":[4.0,8.375,3.875,8.625],"tintindex":0,"rotation":0,"texture":"#0"}},"rotation":{"origin":[4.0,7.0,6.0],"angle":22.5,"axis":"x"}},{"from":[2.5,5.0,6.5],"to":[4.5,8.0,7.5],"faces":{"east":{"uv":[5.875,8.125,6.0,8.5],"tintindex":0,"rotation":0,"texture":"#0"},"south":{"uv":[1.125,8.125,1.375,8.5],"tintindex":0,"rotation":0,"texture":"#0"},"north":{"uv":[3.125,6.625,3.375,7.0],"tintindex":0,"rotation":0,"texture":"#0"},"west":{"uv":[2.5,8.25,2.625,8.625],"tintindex":0,"rotation":0,"texture":"#0"},"up":{"uv":[8.625,5.375,8.375,5.25],"tintindex":0,"rotation":0,"texture":"#0"},"down":{"uv":[8.625,5.375,8.375,5.5],"tintindex":0,"rotation":0,"texture":"#0"}}},{"from":[11.5,8.0,6.5],"to":[12.5,9.0,8.5],"faces":{"east":{"uv":[8.375,5.625,8.625,5.75],"tintindex":0,"rotation":0,"texture":"#0"},"south":{"uv":[1.625,8.5,1.75,8.625],"tintindex":0,"rotation":0,"texture":"#0"},"north":{"uv":[1.5,8.5,1.625,8.625],"tintindex":0,"rotation":0,"texture":"#0"},"west":{"uv":[8.375,5.75,8.625,5.875],"tintindex":0,"rotation":0,"texture":"#0"},"up":{"uv":[5.875,8.625,5.75,8.375],"tintindex":0,"rotation":0,"texture":"#0"},"down":{"uv":[8.5,5.875,8.375,6.125],"tintindex":0,"rotation":0,"texture":"#0"}}},{"from":[3.5,8.0,2.5],"to":[7.5,9.0,3.5],"faces":{"east":{"uv":[8.5,0.5,8.625,0.625],"tintindex":0,"rotation":0,"texture":"#0"},"south":{"uv":[8.25,3.625,8.75,3.75],"tintindex":0,"rotation":0,"texture":"#0"},"north":{"uv":[8.25,3.125,8.75,3.25],"tintindex":0,"rotation":0,"texture":"#0"},"west":{"uv":[8.5,0.625,8.625,0.75],"tintindex":0,"rotation":0,"texture":"#0"},"up":{"uv":[4.375,8.375,3.875,8.25],"tintindex":0,"rotation":0,"texture":"#0"},"down":{"uv":[8.75,6.125,8.25,6.25],"tintindex":0,"rotation":0,"texture":"#0"}}},{"from":[3.0,-3.5,3.0],"to":[5.0,-1.5,4.0],"faces":{"east":{"uv":[0.75,7.25,0.875,7.5],"tintindex":0,"rotation":0,"texture":"#0"},"south":{"uv":[8.25,2.375,8.5,2.625],"tintindex":0,"rotation":0,"texture":"#0"},"north":{"uv":[2.25,8.25,2.5,8.5],"tintindex":0,"rotation":0,"texture":"#0"},"west":{"uv":[4.875,7.75,5.0,8.0],"tintindex":0,"rotation":0,"texture":"#0"},"up":{"uv":[8.625,0.25,8.375,0.125],"tintindex":0,"rotation":0,"texture":"#0"},"down":{"uv":[8.625,0.25,8.375,0.375],"tintindex":0,"rotation":0,"texture":"#0"}},"rotation":{"origin":[4.0,2.0,3.0],"angle":-22.5,"axis":"z"}},{"from":[10.5,-1.5,2.5],"to":[13.5,5.5,4.5],"faces":{"east":{"uv":[0.5,7.75,0.75,8.625],"tintindex":0,"rotation":0,"texture":"#0"},"south":{"uv":[7.375,4.75,7.75,5.625],"tintindex":0,"rotation":0,"texture":"#0"},"north":{"uv":[7.25,2.5,7.625,3.375],"tintindex":0,"rotation":0,"texture":"#0"},"west":{"uv":[7.75,4.75,8.0,5.625],"tintindex":0,"rotation":0,"texture":"#0"},"up":{"uv":[8.375,5.375,8.0,5.125],"tintindex":0,"rotation":0,"texture":"#0"},"down":{"uv":[8.375,5.375,8.0,5.625],"tintindex":0,"rotation":0,"texture":"#0"}},"rotation":{"origin":[12.0,2.0,3.0],"angle":22.5,"axis":"z"}},{"from":[4.0,4.0,3.0],"to":[12.0,11.0,11.0],"faces":{"east":{"uv":[4.0,0.0,5.0,0.875],"tintindex":0,"rotation":0,"texture":"#0"},"south":{"uv":[0.875,4.0,1.875,4.875],"tintindex":0,"rotation":0,"texture":"#0"},"north":{"uv":[3.625,3.25,4.625,4.125],"tintindex":0,"rotation":0,"texture":"#0"},"west":{"uv":[4.0,0.875,5.0,1.75],"tintindex":0,"rotation":0,"texture":"#0"},"up":{"uv":[1.875,4.0,0.875,3.0],"tintindex":0,"rotation":0,"texture":"#0"},"down":{"uv":[2.875,3.25,1.875,4.25],"tintindex":0,"rotation":0,"texture":"#0"}}},{"from":[3.5,8.0,6.5],"to":[4.5,9.0,8.5],"faces":{"east":{"uv":[4.0,8.375,4.25,8.5],"tintindex":0,"rotation":0,"texture":"#0"},"south":{"uv":[1.375,8.5,1.5,8.625],"tintindex":0,"rotation":0,"texture":"#0"},"north":{"uv":[1.25,8.5,1.375,8.625],"tintindex":0,"rotation":0,"texture":"#0"},"west":{"uv":[8.375,4.875,8.625,5.0],"tintindex":0,"rotation":0,"texture":"#0"},"up":{"uv":[4.375,8.625,4.25,8.375],"tintindex":0,"rotation":0,"texture":"#0"},"down":{"uv":[8.5,5.0,8.375,5.25],"tintindex":0,"rotation":0,"texture":"#0"}}},{"from":[2.5,-1.5,2.5],"to":[5.5,5.5,4.5],"faces":{"east":{"uv":[0.0,7.75,0.25,8.625],"tintindex":0,"rotation":0,"texture":"#0"},"south":{"uv":[5.0,7.125,5.375,8.0],"tintindex":0,"rotation":0,"texture":"#0"},"north":{"uv":[2.125,6.75,2.5,7.625],"tintindex":0,"rotation":0,"texture":"#0"},"west":{"uv":[0.25,7.75,0.5,8.625],"tintindex":0,"rotation":0,"texture":"#0"},"up":{"uv":[5.25,8.25,4.875,8.0],"tintindex":0,"rotation":0,"texture":"#0"},"down":{"uv":[8.375,4.875,8.0,5.125],"tintindex":0,"rotation":0,"texture":"#0"}},"rotation":{"origin":[4.0,2.0,3.0],"angle":-22.5,"axis":"z"}},{"from":[11.0,-3.5,3.0],"to":[13.0,-1.5,4.0],"faces":{"east":{"uv":[0.75,8.375,0.875,8.625],"tintindex":0,"rotation":0,"texture":"#0"},"south":{"uv":[3.625,8.25,3.875,8.5],"tintindex":0,"rotation":0,"texture":"#0"},"north":{"uv":[8.25,3.375,8.5,3.625],"tintindex":0,"rotation":0,"texture":"#0"},"west":{"uv":[0.875,8.375,1.0,8.625],"tintindex":0,"rotation":0,"texture":"#0"},"up":{"uv":[8.625,1.0,8.375,0.875],"tintindex":0,"rotation":0,"texture":"#0"},"down":{"uv":[8.625,1.0,8.375,1.125],"tintindex":0,"rotation":0,"texture":"#0"}},"rotation":{"origin":[12.0,2.0,3.0],"angle":22.5,"axis":"z"}},{"from":[7.0,5.5,2.0],"to":[9.0,7.5,3.0],"faces":{"east":{"uv":[4.0,1.75,4.125,2.0],"tintindex":0,"rotation":0,"texture":"#0"},"south":{"uv":[5.375,7.125,5.625,7.375],"tintindex":0,"rotation":0,"texture":"#0"},"north":{"uv":[4.375,5.0,4.625,5.25],"tintindex":0,"rotation":0,"texture":"#0"},"west":{"uv":[1.75,4.875,1.875,5.125],"tintindex":0,"rotation":0,"texture":"#0"},"up":{"uv":[2.875,5.625,2.625,5.5],"tintindex":0,"rotation":0,"texture":"#0"},"down":{"uv":[3.625,6.0,3.375,6.125],"tintindex":0,"rotation":0,"texture":"#0"}}},{"from":[9.5,9.0,2.5],"to":[12.5,10.0,3.5],"faces":{"east":{"uv":[7.125,2.5,7.25,2.625],"tintindex":0,"rotation":0,"texture":"#0"},"south":{"uv":[4.875,6.125,5.25,6.25],"tintindex":0,"rotation":0,"texture":"#0"},"north":{"uv":[5.625,5.125,6.0,5.25],"tintindex":0,"rotation":0,"texture":"#0"},"west":{"uv":[7.375,6.125,7.5,6.25],"tintindex":0,"rotation":0,"texture":"#0"},"up":{"uv":[6.625,8.375,6.25,8.25],"tintindex":0,"rotation":0,"texture":"#0"},"down":{"uv":[8.625,6.25,8.25,6.375],"tintindex":0,"rotation":0,"texture":"#0"}}},{"from":[4.5,10.5,3.5],"to":[11.5,11.5,10.5],"faces":{"east":{"uv":[8.0,1.25,8.875,1.375],"tintindex":0,"rotation":0,"texture":"#0"},"south":{"uv":[8.0,1.375,8.875,1.5],"tintindex":0,"rotation":0,"texture":"#0"},"north":{"uv":[8.0,1.125,8.875,1.25],"tintindex":0,"rotation":0,"texture":"#0"},"west":{"uv":[8.0,1.5,8.875,1.625],"tintindex":0,"rotation":0,"texture":"#0"},"up":{"uv":[2.625,6.0,1.75,5.125],"tintindex":0,"rotation":0,"texture":"#0"},"down":{"uv":[5.25,5.25,4.375,6.125],"tintindex":0,"rotation":0,"texture":"#0"}}},{"from":[8.5,-4.5,1.5],"to":[9.5,-3.5,2.5],"faces":{"east":{"uv":[8.0,8.375,8.125,8.5],"tintindex":0,"rotation":0,"texture":"#0"},"south":{"uv":[8.375,8.0,8.5,8.125],"tintindex":0,"rotation":0,"texture":"#0"},"north":{"uv":[8.375,7.875,8.5,8.0],"tintindex":0,"rotation":0,"texture":"#0"},"west":{"uv":[8.125,8.375,8.25,8.5],"tintindex":0,"rotation":0,"texture":"#0"},"up":{"uv":[8.5,8.25,8.375,8.125],"tintindex":0,"rotation":0,"texture":"#0"},"down":{"uv":[8.375,8.375,8.25,8.5],"tintindex":0,"rotation":0,"texture":"#0"}}},{"from":[10.5,-5.5,2.5],"to":[13.5,-3.5,4.5],"faces":{"east":{"uv":[3.125,8.25,3.375,8.5],"tintindex":0,"rotation":0,"texture":"#0"},"south":{"uv":[7.375,8.0,7.75,8.25],"tintindex":0,"rotation":0,"texture":"#0"},"north":{"uv":[8.0,7.0,8.375,7.25],"tintindex":0,"rotation":0,"texture":"#0"},"west":{"uv":[3.375,8.25,3.625,8.5],"tintindex":0,"rotation":0,"texture":"#0"},"up":{"uv":[8.125,8.25,7.75,8.0],"tintindex":0,"rotation":0,"texture":"#0"},"down":{"uv":[1.125,8.125,0.75,8.375],"tintindex":0,"rotation":0,"texture":"#0"}},"rotation":{"origin":[12.0,2.0,3.0],"angle":22.5,"axis":"z"}},{"from":[11.5,5.0,6.5],"to":[13.5,8.0,7.5],"faces":{"east":{"uv":[5.125,8.25,5.25,8.625],"tintindex":0,"rotation":0,"texture":"#0"},"south":{"uv":[1.625,8.125,1.875,8.5],"tintindex":0,"rotation":0,"texture":"#0"},"north":{"uv":[1.375,8.125,1.625,8.5],"tintindex":0,"rotation":0,"texture":"#0"},"west":{"uv":[8.375,0.5,8.5,0.875],"tintindex":0,"rotation":0,"texture":"#0"},"up":{"uv":[5.75,8.5,5.5,8.375],"tintindex":0,"rotation":0,"texture":"#0"},"down":{"uv":[8.625,5.5,8.375,5.625],"tintindex":0,"rotation":0,"texture":"#0"}}},{"from":[6.5,-0.5,1.5],"to":[9.5,1.5,2.5],"faces":{"east":{"uv":[6.25,1.75,6.375,2.0],"tintindex":0,"rotation":0,"texture":"#0"},"south":{"uv":[5.625,6.25,6.0,6.5],"tintindex":0,"rotation":0,"texture":"#0"},"north":{"uv":[5.875,1.75,6.25,2.0],"tintindex":0,"rotation":0,"texture":"#0"},"west":{"uv":[6.75,6.25,6.875,6.5],"tintindex":0,"rotation":0,"texture":"#0"},"up":{"uv":[8.625,6.5,8.25,6.375],"tintindex":0,"rotation":0,"texture":"#0"},"down":{"uv":[7.0,8.25,6.625,8.375],"tintindex":0,"rotation":0,"texture":"#0"}}},{"from":[8.5,8.0,2.5],"to":[12.5,9.0,3.5],"faces":{"east":{"uv":[8.375,8.25,8.5,8.375],"tintindex":0,"rotation":0,"texture":"#0"},"south":{"uv":[4.375,7.0,4.875,7.125],"tintindex":0,"rotation":0,"texture":"#0"},"north":{"uv":[6.75,0.75,7.25,0.875],"tintindex":0,"rotation":0,"texture":"#0"},"west":{"uv":[8.375,8.375,8.5,8.5],"tintindex":0,"rotation":0,"texture":"#0"},"up":{"uv":[2.0,7.625,1.5,7.5],"tintindex":0,"rotation":0,"texture":"#0"},"down":{"uv":[8.625,7.625,8.125,7.75],"tintindex":0,"rotation":0,"texture":"#0"}}},{"from":[6.5,-4.5,1.5],"to":[7.5,-3.5,2.5],"faces":{"east":{"uv":[7.5,8.375,7.625,8.5],"tintindex":0,"rotation":0,"texture":"#0"},"south":{"uv":[7.625,8.375,7.75,8.5],"tintindex":0,"rotation":0,"texture":"#0"},"north":{"uv":[7.375,8.375,7.5,8.5],"tintindex":0,"rotation":0,"texture":"#0"},"west":{"uv":[7.75,8.375,7.875,8.5],"tintindex":0,"rotation":0,"texture":"#0"},"up":{"uv":[8.5,7.875,8.375,7.75],"tintindex":0,"rotation":0,"texture":"#0"},"down":{"uv":[8.0,8.375,7.875,8.5],"tintindex":0,"rotation":0,"texture":"#0"}}},{"from":[2.5,-5.5,2.5],"to":[5.5,-3.5,4.5],"faces":{"east":{"uv":[8.25,2.625,8.5,2.875],"tintindex":0,"rotation":0,"texture":"#0"},"south":{"uv":[8.0,5.875,8.375,6.125],"tintindex":0,"rotation":0,"texture":"#0"},"north":{"uv":[8.0,5.625,8.375,5.875],"tintindex":0,"rotation":0,"texture":"#0"},"west":{"uv":[8.25,2.875,8.5,3.125],"tintindex":0,"rotation":0,"texture":"#0"},"up":{"uv":[7.0,8.25,6.625,8.0],"tintindex":0,"rotation":0,"texture":"#0"},"down":{"uv":[7.375,8.0,7.0,8.25],"tintindex":0,"rotation":0,"texture":"#0"}},"rotation":{"origin":[4.0,2.0,3.0],"angle":-22.5,"axis":"z"}},{"from":[3.5,-6.5,3.0],"to":[4.5,-5.5,4.0],"faces":{"east":{"uv":[2.5,8.0,2.625,8.125],"tintindex":0,"rotation":0,"texture":"#0"},"south":{"uv":[5.25,8.0,5.375,8.125],"tintindex":0,"rotation":0,"texture":"#0"},"north":{"uv":[2.0,7.5,2.125,7.625],"tintindex":0,"rotation":0,"texture":"#0"},"west":{"uv":[6.5,8.375,6.625,8.5],"tintindex":0,"rotation":0,"texture":"#0"},"up":{"uv":[6.75,8.5,6.625,8.375],"tintindex":0,"rotation":0,"texture":"#0"},"down":{"uv":[6.875,8.375,6.75,8.5],"tintindex":0,"rotation":0,"texture":"#0"}},"rotation":{"origin":[4.0,2.0,3.0],"angle":-22.5,"axis":"z"}},{"from":[5.5,0.5,1.5],"to":[10.5,5.5,3.5],"faces":{"east":{"uv":[4.125,2.625,4.375,3.25],"tintindex":0,"rotation":0,"texture":"#0"},"south":{"uv":[4.375,7.125,5.0,7.75],"tintindex":0,"rotation":0,"texture":"#0"},"north":{"uv":[0.0,4.25,0.625,4.875],"tintindex":0,"rotation":0,"texture":"#0"},"west":{"uv":[0.625,4.25,0.875,4.875],"tintindex":0,"rotation":0,"texture":"#0"},"up":{"uv":[2.5,3.25,1.875,3.0],"tintindex":0,"rotation":0,"texture":"#0"},"down":{"uv":[8.5,3.75,7.875,4.0],"tintindex":0,"rotation":0,"texture":"#0"}},"rotation":{"origin":[8.0,2.0,3.0],"angle":22.5,"axis":"x"}},{"from":[11.5,-6.5,3.0],"to":[12.5,-5.5,4.0],"faces":{"east":{"uv":[7.0,8.375,7.125,8.5],"tintindex":0,"rotation":0,"texture":"#0"},"south":{"uv":[8.375,7.0,8.5,7.125],"tintindex":0,"rotation":0,"texture":"#0"},"north":{"uv":[6.875,8.375,7.0,8.5],"tintindex":0,"rotation":0,"texture":"#0"},"west":{"uv":[7.125,8.375,7.25,8.5],"tintindex":0,"rotation":0,"texture":"#0"},"up":{"uv":[8.5,7.25,8.375,7.125],"tintindex":0,"rotation":0,"texture":"#0"},"down":{"uv":[7.375,8.375,7.25,8.5],"tintindex":0,"rotation":0,"texture":"#0"}},"rotation":{"origin":[12.0,2.0,3.0],"angle":22.5,"axis":"z"}},{"from":[3.5,9.0,2.5],"to":[6.5,10.0,3.5],"faces":{"east":{"uv":[8.5,0.75,8.625,0.875],"tintindex":0,"rotation":0,"texture":"#0"},"south":{"uv":[7.375,8.25,7.75,8.375],"tintindex":0,"rotation":0,"texture":"#0"},"north":{"uv":[7.0,8.25,7.375,8.375],"tintindex":0,"rotation":0,"texture":"#0"},"west":{"uv":[1.125,8.5,1.25,8.625],"tintindex":0,"rotation":0,"texture":"#0"},"up":{"uv":[8.125,8.375,7.75,8.25],"tintindex":0,"rotation":0,"texture":"#0"},"down":{"uv":[8.75,0.0,8.375,0.125],"tintindex":0,"rotation":0,"texture":"#0"}}},{"from":[11.5,3.0,4.0],"to":[12.5,8.0,6.0],"faces":{"east":{"uv":[5.375,2.0,5.625,2.625],"tintindex":0,"rotation":0,"texture":"#0"},"south":{"uv":[2.5,7.375,2.625,8.0],"tintindex":0,"rotation":0,"texture":"#0"},"north":{"uv":[2.5,6.75,2.625,7.375],"tintindex":0,"rotation":0,"texture":"#0"},"west":{"uv":[6.0,7.875,6.25,8.5],"tintindex":0,"rotation":0,"texture":"#0"},"up":{"uv":[6.375,8.625,6.25,8.375],"tintindex":0,"rotation":0,"texture":"#0"},"down":{"uv":[6.5,8.375,6.375,8.625],"tintindex":0,"rotation":0,"texture":"#0"}},"rotation":{"origin":[12.0,7.0,6.0],"angle":22.5,"axis":"x"}},{"from":[4.5,4.5,2.5],"to":[11.5,6.5,3.5],"faces":{"east":{"uv":[5.0,1.5,5.125,1.75],"tintindex":0,"rotation":0,"texture":"#0"},"south":{"uv":[4.0,7.75,4.875,8.0],"tintindex":0,"rotation":0,"texture":"#0"},"north":{"uv":[3.125,7.75,4.0,8.0],"tintindex":0,"rotation":0,"texture":"#0"},"west":{"uv":[0.875,5.75,1.0,6.0],"tintindex":0,"rotation":0,"texture":"#0"},"up":{"uv":[8.5,3.375,7.625,3.25],"tintindex":0,"rotation":0,"texture":"#0"},"down":{"uv":[8.875,0.375,8.0,0.5],"tintindex":0,"rotation":0,"texture":"#0"}},"rotation":{"origin":[8.0,5.5,3.0],"angle":22.5,"axis":"x"}},{"from":[5.5,-3.5,1.0],"to":[10.5,-0.5,3.0],"faces":{"east":{"uv":[2.625,5.125,2.875,5.5],"tintindex":0,"rotation":0,"texture":"#0"},"south":{"uv":[7.625,2.875,8.25,3.25],"tintindex":0,"rotation":0,"texture":"#0"},"north":{"uv":[7.625,2.5,8.25,2.875],"tintindex":0,"rotation":0,"texture":"#0"},"west":{"uv":[3.375,5.625,3.625,6.0],"tintindex":0,"rotation":0,"texture":"#0"},"up":{"uv":[8.5,4.25,7.875,4.0],"tintindex":0,"rotation":0,"texture":"#0"},"down":{"uv":[6.0,7.875,5.375,8.125],"tintindex":0,"rotation":0,"texture":"#0"}}}],"display":{"gui":{"rotation":[-150.0,-45.0,180.0]}}}