{"textures":{"0":"modelengine:entity/dwarf","particle":"#0"},"elements":[{"from":[7.0,3.5,4.5],"to":[12.0,9.5,11.5],"faces":{"east":{"uv":[0.875,6.0,1.75,6.75],"tintindex":0,"rotation":0,"texture":"#0"},"south":{"uv":[6.75,4.75,7.375,5.5],"tintindex":0,"rotation":0,"texture":"#0"},"north":{"uv":[1.5,6.75,2.125,7.5],"tintindex":0,"rotation":0,"texture":"#0"},"west":{"uv":[1.75,6.0,2.625,6.75],"tintindex":0,"rotation":0,"texture":"#0"},"up":{"uv":[6.875,7.375,6.25,6.5],"tintindex":0,"rotation":0,"texture":"#0"},"down":{"uv":[7.25,0.875,6.625,1.75],"tintindex":0,"rotation":0,"texture":"#0"}}},{"from":[6.5,-3.0,4.0],"to":[12.5,4.0,12.0],"faces":{"east":{"uv":[1.875,4.25,2.875,5.125],"tintindex":0,"rotation":0,"texture":"#0"},"south":{"uv":[6.0,5.625,6.75,6.5],"tintindex":0,"rotation":0,"texture":"#0"},"north":{"uv":[6.0,4.75,6.75,5.625],"tintindex":0,"rotation":0,"texture":"#0"},"west":{"uv":[4.625,2.625,5.625,3.5],"tintindex":0,"rotation":0,"texture":"#0"},"up":{"uv":[3.375,6.625,2.625,5.625],"tintindex":0,"rotation":0,"texture":"#0"},"down":{"uv":[6.375,3.0,5.625,4.0],"tintindex":0,"rotation":0,"texture":"#0"}}}],"display":{"gui":{"rotation":[-150.0,-45.0,180.0]}}}