{"textures":{"0":"modelengine:entity/dwarf","particle":"#0"},"elements":[{"from":[5.0,4.5,4.5],"to":[11.0,5.5,11.5],"faces":{"east":{"uv":[4.0,8.0,4.875,8.125],"tintindex":0,"rotation":0,"texture":"#0"},"south":{"uv":[3.875,8.125,4.625,8.25],"tintindex":0,"rotation":0,"texture":"#0"},"north":{"uv":[3.125,8.125,3.875,8.25],"tintindex":0,"rotation":0,"texture":"#0"},"west":{"uv":[8.0,4.75,8.875,4.875],"tintindex":0,"rotation":0,"texture":"#0"},"up":{"uv":[5.625,7.125,4.875,6.25],"tintindex":0,"rotation":0,"texture":"#0"},"down":{"uv":[7.125,1.75,6.375,2.625],"tintindex":0,"rotation":0,"texture":"#0"}}},{"from":[5.0,1.0,3.0],"to":[11.0,4.0,11.5],"faces":{"east":{"uv":[7.125,2.125,8.25,2.5],"tintindex":0,"rotation":0,"texture":"#0"},"south":{"uv":[7.5,6.125,8.25,6.5],"tintindex":0,"rotation":0,"texture":"#0"},"north":{"uv":[0.75,7.5,1.5,7.875],"tintindex":0,"rotation":0,"texture":"#0"},"west":{"uv":[7.125,3.375,8.25,3.75],"tintindex":0,"rotation":0,"texture":"#0"},"up":{"uv":[4.375,6.125,3.625,5.0],"tintindex":0,"rotation":0,"texture":"#0"},"down":{"uv":[5.875,0.875,5.125,2.0],"tintindex":0,"rotation":0,"texture":"#0"}}},{"from":[5.5,4.0,5.0],"to":[10.5,8.0,11.0],"faces":{"east":{"uv":[7.25,0.75,8.0,1.25],"tintindex":0,"rotation":0,"texture":"#0"},"south":{"uv":[6.0,7.375,6.625,7.875],"tintindex":0,"rotation":0,"texture":"#0"},"north":{"uv":[7.375,5.625,8.0,6.125],"tintindex":0,"rotation":0,"texture":"#0"},"west":{"uv":[7.25,1.25,8.0,1.75],"tintindex":0,"rotation":0,"texture":"#0"},"up":{"uv":[3.75,7.75,3.125,7.0],"tintindex":0,"rotation":0,"texture":"#0"},"down":{"uv":[4.375,7.0,3.75,7.75],"tintindex":0,"rotation":0,"texture":"#0"}}}],"display":{"gui":{"rotation":[-150.0,-45.0,180.0]}}}