{"textures":{"0":"modelengine:entity/shaman","particle":"#0"},"elements":[{"from":[9.0,10.0,2.5],"to":[12.0,11.0,3.5],"faces":{"east":{"uv":[8.875,9.375,9.0,9.5],"tintindex":0,"rotation":0,"texture":"#0"},"south":{"uv":[9.625,5.125,10.0,5.25],"tintindex":0,"rotation":0,"texture":"#0"},"north":{"uv":[5.0,9.625,5.375,9.75],"tintindex":0,"rotation":0,"texture":"#0"},"west":{"uv":[0.375,9.5,0.5,9.625],"tintindex":0,"rotation":0,"texture":"#0"},"up":{"uv":[10.0,5.375,9.625,5.25],"tintindex":0,"rotation":0,"texture":"#0"},"down":{"uv":[5.75,9.625,5.375,9.75],"tintindex":0,"rotation":0,"texture":"#0"}},"rotation":{"origin":[10.5,10.5,3.0],"angle":22.5,"axis":"z"}},{"from":[4.0,5.0,3.0],"to":[12.0,13.0,12.0],"faces":{"east":{"uv":[3.625,3.125,4.75,4.125],"tintindex":0,"rotation":0,"texture":"#0"},"south":{"uv":[3.25,4.75,4.25,5.75],"tintindex":0,"rotation":0,"texture":"#0"},"north":{"uv":[4.75,3.125,5.75,4.125],"tintindex":0,"rotation":0,"texture":"#0"},"west":{"uv":[4.0,0.0,5.125,1.0],"tintindex":0,"rotation":0,"texture":"#0"},"up":{"uv":[5.0,2.125,4.0,1.0],"tintindex":0,"rotation":0,"texture":"#0"},"down":{"uv":[3.25,4.125,2.25,5.25],"tintindex":0,"rotation":0,"texture":"#0"}}},{"from":[11.75,9.0,8.0],"to":[15.75,11.0,9.0],"faces":{"east":{"uv":[3.125,5.25,3.25,5.5],"tintindex":0,"rotation":0,"texture":"#0"},"south":{"uv":[9.375,4.875,9.875,5.125],"tintindex":0,"rotation":0,"texture":"#0"},"north":{"uv":[8.625,1.25,9.125,1.5],"tintindex":0,"rotation":0,"texture":"#0"},"west":{"uv":[3.125,5.5,3.25,5.75],"tintindex":0,"rotation":0,"texture":"#0"},"up":{"uv":[7.25,6.75,6.75,6.625],"tintindex":0,"rotation":0,"texture":"#0"},"down":{"uv":[4.0,9.625,3.5,9.75],"tintindex":0,"rotation":0,"texture":"#0"}},"rotation":{"origin":[13.5,8.25,8.5],"angle":22.5,"axis":"z"}},{"from":[11.75,8.0,8.0],"to":[13.75,9.0,9.0],"faces":{"east":{"uv":[7.125,7.625,7.25,7.75],"tintindex":0,"rotation":0,"texture":"#0"},"south":{"uv":[2.625,9.5,2.875,9.625],"tintindex":0,"rotation":0,"texture":"#0"},"north":{"uv":[2.625,9.375,2.875,9.5],"tintindex":0,"rotation":0,"texture":"#0"},"west":{"uv":[7.125,7.75,7.25,7.875],"tintindex":0,"rotation":0,"texture":"#0"},"up":{"uv":[6.375,9.75,6.125,9.625],"tintindex":0,"rotation":0,"texture":"#0"},"down":{"uv":[6.625,9.625,6.375,9.75],"tintindex":0,"rotation":0,"texture":"#0"}},"rotation":{"origin":[13.5,8.25,8.5],"angle":22.5,"axis":"z"}},{"from":[2.5,8.0,8.0],"to":[4.5,9.0,9.0],"faces":{"east":{"uv":[3.5,3.125,3.625,3.25],"tintindex":0,"rotation":0,"texture":"#0"},"south":{"uv":[6.0,2.625,6.25,2.75],"tintindex":0,"rotation":0,"texture":"#0"},"north":{"uv":[5.75,4.0,6.0,4.125],"tintindex":0,"rotation":0,"texture":"#0"},"west":{"uv":[1.75,4.875,1.875,5.0],"tintindex":0,"rotation":0,"texture":"#0"},"up":{"uv":[8.5,3.375,8.25,3.25],"tintindex":0,"rotation":0,"texture":"#0"},"down":{"uv":[7.125,9.0,6.875,9.125],"tintindex":0,"rotation":0,"texture":"#0"}},"rotation":{"origin":[2.5,8.25,8.5],"angle":-22.5,"axis":"z"}},{"from":[14.5,10.625,8.0],"to":[16.5,11.625,9.0],"faces":{"east":{"uv":[7.125,7.875,7.25,8.0],"tintindex":0,"rotation":0,"texture":"#0"},"south":{"uv":[9.625,7.0,9.875,7.125],"tintindex":0,"rotation":0,"texture":"#0"},"north":{"uv":[9.625,6.875,9.875,7.0],"tintindex":0,"rotation":0,"texture":"#0"},"west":{"uv":[7.125,8.0,7.25,8.125],"tintindex":0,"rotation":0,"texture":"#0"},"up":{"uv":[9.875,7.25,9.625,7.125],"tintindex":0,"rotation":0,"texture":"#0"},"down":{"uv":[9.875,7.25,9.625,7.375],"tintindex":0,"rotation":0,"texture":"#0"}}},{"from":[0.5,9.0,8.0],"to":[4.5,11.0,9.0],"faces":{"east":{"uv":[6.0,5.375,6.125,5.625],"tintindex":0,"rotation":0,"texture":"#0"},"south":{"uv":[9.25,9.5,9.75,9.75],"tintindex":0,"rotation":0,"texture":"#0"},"north":{"uv":[9.5,2.75,10.0,3.0],"tintindex":0,"rotation":0,"texture":"#0"},"west":{"uv":[7.125,7.375,7.25,7.625],"tintindex":0,"rotation":0,"texture":"#0"},"up":{"uv":[4.5,9.75,4.0,9.625],"tintindex":0,"rotation":0,"texture":"#0"},"down":{"uv":[5.0,9.625,4.5,9.75],"tintindex":0,"rotation":0,"texture":"#0"}},"rotation":{"origin":[2.5,8.25,8.5],"angle":-22.5,"axis":"z"}},{"from":[4.5,12.5,3.5],"to":[11.5,13.5,11.5],"faces":{"east":{"uv":[9.125,7.75,10.125,7.875],"tintindex":0,"rotation":0,"texture":"#0"},"south":{"uv":[1.625,9.625,2.5,9.75],"tintindex":0,"rotation":0,"texture":"#0"},"north":{"uv":[5.0,2.0,5.875,2.125],"tintindex":0,"rotation":0,"texture":"#0"},"west":{"uv":[9.375,6.5,10.375,6.625],"tintindex":0,"rotation":0,"texture":"#0"},"up":{"uv":[6.0,1.0,5.125,0.0],"tintindex":0,"rotation":0,"texture":"#0"},"down":{"uv":[6.625,3.0,5.75,4.0],"tintindex":0,"rotation":0,"texture":"#0"}}},{"from":[7.0,4.0,1.0],"to":[9.0,8.0,3.0],"faces":{"east":{"uv":[6.0,0.5,6.25,1.0],"tintindex":0,"rotation":0,"texture":"#0"},"south":{"uv":[6.0,2.125,6.25,2.625],"tintindex":0,"rotation":0,"texture":"#0"},"north":{"uv":[6.0,0.0,6.25,0.5],"tintindex":0,"rotation":0,"texture":"#0"},"west":{"uv":[5.875,7.75,6.125,8.25],"tintindex":0,"rotation":0,"texture":"#0"},"up":{"uv":[6.125,8.5,5.875,8.25],"tintindex":0,"rotation":0,"texture":"#0"},"down":{"uv":[8.75,4.5,8.5,4.75],"tintindex":0,"rotation":0,"texture":"#0"}}},{"from":[-0.25,10.5,8.0],"to":[1.75,11.5,9.0],"faces":{"east":{"uv":[7.125,8.125,7.25,8.25],"tintindex":0,"rotation":0,"texture":"#0"},"south":{"uv":[9.625,7.5,9.875,7.625],"tintindex":0,"rotation":0,"texture":"#0"},"north":{"uv":[9.625,7.375,9.875,7.5],"tintindex":0,"rotation":0,"texture":"#0"},"west":{"uv":[9.25,5.75,9.375,5.875],"tintindex":0,"rotation":0,"texture":"#0"},"up":{"uv":[9.875,8.0,9.625,7.875],"tintindex":0,"rotation":0,"texture":"#0"},"down":{"uv":[9.875,8.0,9.625,8.125],"tintindex":0,"rotation":0,"texture":"#0"}}},{"from":[4.0,10.0,2.5],"to":[7.0,11.0,3.5],"faces":{"east":{"uv":[1.0,9.5,1.125,9.625],"tintindex":0,"rotation":0,"texture":"#0"},"south":{"uv":[9.625,5.5,10.0,5.625],"tintindex":0,"rotation":0,"texture":"#0"},"north":{"uv":[9.625,5.375,10.0,5.5],"tintindex":0,"rotation":0,"texture":"#0"},"west":{"uv":[0.375,9.625,0.5,9.75],"tintindex":0,"rotation":0,"texture":"#0"},"up":{"uv":[10.0,5.75,9.625,5.625],"tintindex":0,"rotation":0,"texture":"#0"},"down":{"uv":[6.125,9.625,5.75,9.75],"tintindex":0,"rotation":0,"texture":"#0"}},"rotation":{"origin":[5.5,10.5,3.0],"angle":-22.5,"axis":"z"}},{"from":[3.5,1.0,2.5],"to":[12.5,6.0,9.5],"faces":{"east":{"uv":[7.875,4.75,8.75,5.375],"tintindex":0,"rotation":0,"texture":"#0"},"south":{"uv":[6.125,6.75,7.25,7.375],"tintindex":0,"rotation":0,"texture":"#0"},"north":{"uv":[6.75,6.0,7.875,6.625],"tintindex":0,"rotation":0,"texture":"#0"},"west":{"uv":[7.875,6.0,8.75,6.625],"tintindex":0,"rotation":0,"texture":"#0"},"up":{"uv":[5.375,5.625,4.25,4.75],"tintindex":0,"rotation":0,"texture":"#0"},"down":{"uv":[6.0,2.125,4.875,3.0],"tintindex":0,"rotation":0,"texture":"#0"}}}],"display":{"gui":{"rotation":[-150.0,-45.0,180.0]}}}