{"textures":{"0":"modelengine:entity/shaman","particle":"#0"},"elements":[{"from":[5.5,6.0,3.0],"to":[10.5,13.0,8.0],"faces":{"east":{"uv":[7.875,1.5,8.5,2.375],"tintindex":0,"rotation":0,"texture":"#0"},"south":{"uv":[7.875,3.875,8.5,4.75],"tintindex":0,"rotation":0,"texture":"#0"},"north":{"uv":[1.25,7.875,1.875,8.75],"tintindex":0,"rotation":0,"texture":"#0"},"west":{"uv":[7.75,7.875,8.375,8.75],"tintindex":0,"rotation":0,"texture":"#0"},"up":{"uv":[8.625,6.0,8.0,5.375],"tintindex":0,"rotation":0,"texture":"#0"},"down":{"uv":[2.5,8.5,1.875,9.125],"tintindex":0,"rotation":0,"texture":"#0"}},"rotation":{"origin":[8.0,9.0,4.5],"angle":-45.0,"axis":"x"}}],"display":{"gui":{"rotation":[-150.0,-45.0,180.0]}}}