{"textures":{"0":"modelengine:entity/dwarf","particle":"#0"},"elements":[{"from":[2.0,-2.0,5.5],"to":[14.0,10.0,13.5],"faces":{"east":{"uv":[1.5,0.0,2.5,1.5],"tintindex":0,"rotation":0,"texture":"#0"},"south":{"uv":[0.0,1.5,1.5,3.0],"tintindex":0,"rotation":0,"texture":"#0"},"north":{"uv":[0.0,0.0,1.5,1.5],"tintindex":0,"rotation":0,"texture":"#0"},"west":{"uv":[1.5,1.5,2.5,3.0],"tintindex":0,"rotation":0,"texture":"#0"},"up":{"uv":[4.0,1.0,2.5,0.0],"tintindex":0,"rotation":0,"texture":"#0"},"down":{"uv":[4.0,1.0,2.5,2.0],"tintindex":0,"rotation":0,"texture":"#0"}}}],"display":{"gui":{"rotation":[-150.0,-45.0,180.0]}}}