{"textures":{"0":"modelengine:entity/dwarf","particle":"#0"},"elements":[{"from":[5.0,4.5,4.5],"to":[11.0,5.5,11.5],"faces":{"east":{"uv":[8.0,1.625,8.875,1.75],"tintindex":0,"rotation":0,"texture":"#0"},"south":{"uv":[1.875,8.125,2.625,8.25],"tintindex":0,"rotation":0,"texture":"#0"},"north":{"uv":[8.0,7.25,8.75,7.375],"tintindex":0,"rotation":0,"texture":"#0"},"west":{"uv":[3.125,8.0,4.0,8.125],"tintindex":0,"rotation":0,"texture":"#0"},"up":{"uv":[4.125,7.0,3.375,6.125],"tintindex":0,"rotation":0,"texture":"#0"},"down":{"uv":[4.875,6.125,4.125,7.0],"tintindex":0,"rotation":0,"texture":"#0"}}},{"from":[5.0,1.0,3.0],"to":[11.0,4.0,11.5],"faces":{"east":{"uv":[6.875,7.0,8.0,7.375],"tintindex":0,"rotation":0,"texture":"#0"},"south":{"uv":[7.375,7.375,8.125,7.75],"tintindex":0,"rotation":0,"texture":"#0"},"north":{"uv":[6.625,7.375,7.375,7.75],"tintindex":0,"rotation":0,"texture":"#0"},"west":{"uv":[7.125,1.75,8.25,2.125],"tintindex":0,"rotation":0,"texture":"#0"},"up":{"uv":[3.625,5.625,2.875,4.5],"tintindex":0,"rotation":0,"texture":"#0"},"down":{"uv":[1.75,4.875,1.0,6.0],"tintindex":0,"rotation":0,"texture":"#0"}}},{"from":[5.5,4.0,5.0],"to":[10.5,8.0,11.0],"faces":{"east":{"uv":[7.125,3.75,7.875,4.25],"tintindex":0,"rotation":0,"texture":"#0"},"south":{"uv":[5.375,7.375,6.0,7.875],"tintindex":0,"rotation":0,"texture":"#0"},"north":{"uv":[7.375,0.0,8.0,0.5],"tintindex":0,"rotation":0,"texture":"#0"},"west":{"uv":[0.0,7.25,0.75,7.75],"tintindex":0,"rotation":0,"texture":"#0"},"up":{"uv":[7.375,6.25,6.75,5.5],"tintindex":0,"rotation":0,"texture":"#0"},"down":{"uv":[7.5,6.25,6.875,7.0],"tintindex":0,"rotation":0,"texture":"#0"}}}],"display":{"gui":{"rotation":[-150.0,-45.0,180.0]}}}