{"textures":{"0":"modelengine:entity/dwarf","particle":"#0"},"elements":[{"from":[4.0,3.5,4.5],"to":[9.0,9.5,11.5],"faces":{"east":{"uv":[5.625,4.0,6.5,4.75],"tintindex":0,"rotation":0,"texture":"#0"},"south":{"uv":[0.875,6.75,1.5,7.5],"tintindex":0,"rotation":0,"texture":"#0"},"north":{"uv":[6.75,0.0,7.375,0.75],"tintindex":0,"rotation":0,"texture":"#0"},"west":{"uv":[0.0,5.75,0.875,6.5],"tintindex":0,"rotation":0,"texture":"#0"},"up":{"uv":[7.125,4.25,6.5,3.375],"tintindex":0,"rotation":0,"texture":"#0"},"down":{"uv":[6.25,6.5,5.625,7.375],"tintindex":0,"rotation":0,"texture":"#0"}}},{"from":[3.5,-3.0,4.0],"to":[9.5,4.0,12.0],"faces":{"east":{"uv":[4.125,1.75,5.125,2.625],"tintindex":0,"rotation":0,"texture":"#0"},"south":{"uv":[6.0,0.0,6.75,0.875],"tintindex":0,"rotation":0,"texture":"#0"},"north":{"uv":[5.875,0.875,6.625,1.75],"tintindex":0,"rotation":0,"texture":"#0"},"west":{"uv":[3.625,4.125,4.625,5.0],"tintindex":0,"rotation":0,"texture":"#0"},"up":{"uv":[6.0,6.25,5.25,5.25],"tintindex":0,"rotation":0,"texture":"#0"},"down":{"uv":[6.375,2.0,5.625,3.0],"tintindex":0,"rotation":0,"texture":"#0"}}}],"display":{"gui":{"rotation":[-150.0,-45.0,180.0]}}}