{
  "providers": [
    { "type": "bitmap", "file": "auraskills:hud/hp/hp_100.png", "ascent": 64, "height": 64, "chars": ["\uE100"] },
    { "type": "bitmap", "file": "auraskills:hud/hp/hp_90.png",  "ascent": 64, "height": 64, "chars": ["\uE101"] },
    { "type": "bitmap", "file": "auraskills:hud/hp/hp_80.png",  "ascent": 64, "height": 64, "chars": ["\uE102"] },
    { "type": "bitmap", "file": "auraskills:hud/hp/hp_70.png",  "ascent": 64, "height": 64, "chars": ["\uE103"] },
    { "type": "bitmap", "file": "auraskills:hud/hp/hp_60.png",  "ascent": 64, "height": 64, "chars": ["\uE104"] },
    { "type": "bitmap", "file": "auraskills:hud/hp/hp_50.png",  "ascent": 64, "height": 64, "chars": ["\uE105"] },
    { "type": "bitmap", "file": "auraskills:hud/hp/hp_40.png",  "ascent": 64, "height": 64, "chars": ["\uE106"] },
    { "type": "bitmap", "file": "auraskills:hud/hp/hp_30.png",  "ascent": 64, "height": 64, "chars": ["\uE107"] },
    { "type": "bitmap", "file": "auraskills:hud/hp/hp_20.png",  "ascent": 64, "height": 64, "chars": ["\uE108"] },
    { "type": "bitmap", "file": "auraskills:hud/hp/hp_10.png",  "ascent": 64, "height": 64, "chars": ["\uE109"] },

    { "type": "bitmap", "file": "auraskills:hud/mana/mana_100.png", "ascent": 64, "height": 64, "chars": ["\uE200"] },
    { "type": "bitmap", "file": "auraskills:hud/mana/mana_90.png",  "ascent": 64, "height": 64, "chars": ["\uE201"] },
    { "type": "bitmap", "file": "auraskills:hud/mana/mana_80.png",  "ascent": 64, "height": 64, "chars": ["\uE202"] },
    { "type": "bitmap", "file": "auraskills:hud/mana/mana_70.png",  "ascent": 64, "height": 64, "chars": ["\uE203"] },
    { "type": "bitmap", "file": "auraskills:hud/mana/mana_60.png",  "ascent": 64, "height": 64, "chars": ["\uE204"] },
    { "type": "bitmap", "file": "auraskills:hud/mana/mana_50.png",  "ascent": 64, "height": 64, "chars": ["\uE205"] },
    { "type": "bitmap", "file": "auraskills:hud/mana/mana_40.png",  "ascent": 64, "height": 64, "chars": ["\uE206"] },
    { "type": "bitmap", "file": "auraskills:hud/mana/mana_30.png",  "ascent": 64, "height": 64, "chars": ["\uE207"] },
    { "type": "bitmap", "file": "auraskills:hud/mana/mana_20.png",  "ascent": 64, "height": 64, "chars": ["\uE208"] },
    { "type": "bitmap", "file": "auraskills:hud/mana/mana_10.png",  "ascent": 64, "height": 64, "chars": ["\uE209"] }
  ]
}
