{"textures":{"0":"modelengine:entity/shaman","particle":"#0"},"elements":[{"from":[1.5,3.0,0.0],"to":[3.5,4.0,2.0],"faces":{"east":{"uv":[9.625,8.25,9.875,8.375],"tintindex":0,"rotation":0,"texture":"#0"},"south":{"uv":[9.625,8.375,9.875,8.5],"tintindex":0,"rotation":0,"texture":"#0"},"north":{"uv":[9.625,8.125,9.875,8.25],"tintindex":0,"rotation":0,"texture":"#0"},"west":{"uv":[0.0,9.75,0.25,9.875],"tintindex":0,"rotation":0,"texture":"#0"},"up":{"uv":[7.125,8.75,6.875,8.5],"tintindex":0,"rotation":0,"texture":"#0"},"down":{"uv":[7.125,8.75,6.875,9.0],"tintindex":0,"rotation":0,"texture":"#0"}},"rotation":{"origin":[2.5,4.5,1.25],"angle":22.5,"axis":"y"}},{"from":[12.0,4.0,0.0],"to":[15.0,7.0,3.0],"faces":{"east":{"uv":[5.0,4.125,5.375,4.5],"tintindex":0,"rotation":0,"texture":"#0"},"south":{"uv":[5.875,1.75,6.25,2.125],"tintindex":0,"rotation":0,"texture":"#0"},"north":{"uv":[1.875,4.875,2.25,5.25],"tintindex":0,"rotation":0,"texture":"#0"},"west":{"uv":[7.875,2.375,8.25,2.75],"tintindex":0,"rotation":0,"texture":"#0"},"up":{"uv":[2.875,8.875,2.5,8.5],"tintindex":0,"rotation":0,"texture":"#0"},"down":{"uv":[9.625,5.375,9.25,5.75],"tintindex":0,"rotation":0,"texture":"#0"}},"rotation":{"origin":[13.5,4.5,1.25],"angle":-22.5,"axis":"y"}},{"from":[1.0,4.0,0.0],"to":[4.0,7.0,3.0],"faces":{"east":{"uv":[1.25,9.375,1.625,9.75],"tintindex":0,"rotation":0,"texture":"#0"},"south":{"uv":[9.375,4.5,9.75,4.875],"tintindex":0,"rotation":0,"texture":"#0"},"north":{"uv":[0.0,9.375,0.375,9.75],"tintindex":0,"rotation":0,"texture":"#0"},"west":{"uv":[9.375,5.75,9.75,6.125],"tintindex":0,"rotation":0,"texture":"#0"},"up":{"uv":[9.75,6.5,9.375,6.125],"tintindex":0,"rotation":0,"texture":"#0"},"down":{"uv":[7.0,9.375,6.625,9.75],"tintindex":0,"rotation":0,"texture":"#0"}},"rotation":{"origin":[2.5,4.5,1.25],"angle":22.5,"axis":"y"}},{"from":[6.5,3.0000343,0.0],"to":[9.5,6.0000343,3.0],"faces":{"east":{"uv":[7.375,9.375,7.75,9.75],"tintindex":0,"rotation":0,"texture":"#0"},"south":{"uv":[7.75,9.375,8.125,9.75],"tintindex":0,"rotation":0,"texture":"#0"},"north":{"uv":[7.0,9.375,7.375,9.75],"tintindex":0,"rotation":0,"texture":"#0"},"west":{"uv":[8.125,9.375,8.5,9.75],"tintindex":0,"rotation":0,"texture":"#0"},"up":{"uv":[8.875,9.75,8.5,9.375],"tintindex":0,"rotation":0,"texture":"#0"},"down":{"uv":[1.0,9.5,0.625,9.875],"tintindex":0,"rotation":0,"texture":"#0"}}},{"from":[2.5,3.083334,4.625],"to":[13.5,4.083334,11.625],"faces":{"east":{"uv":[4.0,2.125,4.875,2.25],"tintindex":0,"rotation":0,"texture":"#0"},"south":{"uv":[9.125,7.625,10.5,7.75],"tintindex":0,"rotation":0,"texture":"#0"},"north":{"uv":[9.125,2.25,10.5,2.375],"tintindex":0,"rotation":0,"texture":"#0"},"west":{"uv":[4.875,3.0,5.75,3.125],"tintindex":0,"rotation":0,"texture":"#0"},"up":{"uv":[3.625,4.125,2.25,3.25],"tintindex":0,"rotation":0,"texture":"#0"},"down":{"uv":[4.875,2.25,3.5,3.125],"tintindex":0,"rotation":0,"texture":"#0"}},"rotation":{"origin":[8.0,10.083334,5.125],"angle":22.5,"axis":"x"}},{"from":[3.0,-1.916666,5.125],"to":[13.0,3.083334,5.125],"faces":{"south":{"uv":[6.625,4.75,7.875,5.375],"tintindex":0,"rotation":0,"texture":"#0"},"north":{"uv":[6.625,4.125,7.875,4.75],"tintindex":0,"rotation":0,"texture":"#0"}},"rotation":{"origin":[8.0,10.083334,5.125],"angle":22.5,"axis":"x"}},{"from":[1.0,7.083334,4.125],"to":[15.0,12.083334,11.625],"faces":{"east":{"uv":[5.125,7.125,6.125,7.75],"tintindex":0,"rotation":0,"texture":"#0"},"south":{"uv":[0.0,4.375,1.75,5.0],"tintindex":0,"rotation":0,"texture":"#0"},"north":{"uv":[3.25,4.125,5.0,4.75],"tintindex":0,"rotation":0,"texture":"#0"},"west":{"uv":[7.25,2.75,8.25,3.375],"tintindex":0,"rotation":0,"texture":"#0"},"up":{"uv":[1.75,3.25,0.0,2.25],"tintindex":0,"rotation":0,"texture":"#0"},"down":{"uv":[3.5,2.25,1.75,3.25],"tintindex":0,"rotation":0,"texture":"#0"}},"rotation":{"origin":[8.0,10.083334,5.125],"angle":22.5,"axis":"x"}},{"from":[3.0,4.083334,5.125],"to":[13.0,8.083334,11.125],"faces":{"east":{"uv":[9.0,8.5,9.75,9.0],"tintindex":0,"rotation":0,"texture":"#0"},"south":{"uv":[7.25,6.625,8.5,7.125],"tintindex":0,"rotation":0,"texture":"#0"},"north":{"uv":[7.25,3.375,8.5,3.875],"tintindex":0,"rotation":0,"texture":"#0"},"west":{"uv":[9.0,9.0,9.75,9.5],"tintindex":0,"rotation":0,"texture":"#0"},"up":{"uv":[1.25,5.75,0.0,5.0],"tintindex":0,"rotation":0,"texture":"#0"},"down":{"uv":[6.25,1.0,5.0,1.75],"tintindex":0,"rotation":0,"texture":"#0"}},"rotation":{"origin":[8.0,10.083334,5.125],"angle":22.5,"axis":"x"}},{"from":[7.0,2.0,0.0],"to":[9.0,3.0,2.0],"faces":{"east":{"uv":[9.75,0.5,10.0,0.625],"tintindex":0,"rotation":0,"texture":"#0"},"south":{"uv":[9.75,0.625,10.0,0.75],"tintindex":0,"rotation":0,"texture":"#0"},"north":{"uv":[9.75,0.375,10.0,0.5],"tintindex":0,"rotation":0,"texture":"#0"},"west":{"uv":[1.25,9.75,1.5,9.875],"tintindex":0,"rotation":0,"texture":"#0"},"up":{"uv":[7.75,9.375,7.5,9.125],"tintindex":0,"rotation":0,"texture":"#0"},"down":{"uv":[1.875,9.375,1.625,9.625],"tintindex":0,"rotation":0,"texture":"#0"}}},{"from":[12.5,3.0,0.0],"to":[14.5,4.0,2.0],"faces":{"east":{"uv":[9.75,0.125,10.0,0.25],"tintindex":0,"rotation":0,"texture":"#0"},"south":{"uv":[0.25,9.75,0.5,9.875],"tintindex":0,"rotation":0,"texture":"#0"},"north":{"uv":[9.75,0.0,10.0,0.125],"tintindex":0,"rotation":0,"texture":"#0"},"west":{"uv":[9.75,0.25,10.0,0.375],"tintindex":0,"rotation":0,"texture":"#0"},"up":{"uv":[9.125,3.25,8.875,3.0],"tintindex":0,"rotation":0,"texture":"#0"},"down":{"uv":[2.875,9.125,2.625,9.375],"tintindex":0,"rotation":0,"texture":"#0"}},"rotation":{"origin":[13.5,4.5,1.25],"angle":-22.5,"axis":"y"}},{"from":[0.0,9.083334,3.125],"to":[16.0,18.083334,12.125],"faces":{"east":{"uv":[0.0,3.25,1.125,4.375],"tintindex":0,"rotation":0,"texture":"#0"},"south":{"uv":[0.0,1.125,2.0,2.25],"tintindex":0,"rotation":0,"texture":"#0"},"north":{"uv":[0.0,0.0,2.0,1.125],"tintindex":0,"rotation":0,"texture":"#0"},"west":{"uv":[1.125,3.25,2.25,4.375],"tintindex":0,"rotation":0,"texture":"#0"},"up":{"uv":[4.0,1.125,2.0,0.0],"tintindex":0,"rotation":0,"texture":"#0"},"down":{"uv":[4.0,1.125,2.0,2.25],"tintindex":0,"rotation":0,"texture":"#0"}}},{"from":[3.0,-1.916666,11.125],"to":[13.0,3.083334,11.125],"faces":{"south":{"uv":[6.75,5.375,8.0,6.0],"tintindex":0,"rotation":0,"texture":"#0"},"north":{"uv":[1.875,6.75,3.125,7.375],"tintindex":0,"rotation":0,"texture":"#0"}},"rotation":{"origin":[8.0,10.083334,5.125],"angle":22.5,"axis":"x"}}],"display":{"gui":{"rotation":[-150.0,-45.0,180.0]}}}