{"textures":{"0":"modelengine:entity/shaman","particle":"#0"},"elements":[{"from":[5.5,-1.0,3.5],"to":[10.5,1.0000005,10.5],"faces":{"east":{"uv":[5.0,1.75,5.875,2.0],"tintindex":0,"rotation":0,"texture":"#0"},"south":{"uv":[7.25,3.875,7.875,4.125],"tintindex":0,"rotation":0,"texture":"#0"},"north":{"uv":[6.0,2.75,6.625,3.0],"tintindex":0,"rotation":0,"texture":"#0"},"west":{"uv":[8.75,5.125,9.625,5.375],"tintindex":0,"rotation":0,"texture":"#0"},"up":{"uv":[8.875,3.25,8.25,2.375],"tintindex":0,"rotation":0,"texture":"#0"},"down":{"uv":[7.75,8.25,7.125,9.125],"tintindex":0,"rotation":0,"texture":"#0"}}},{"from":[6.0,4.7683716E-7,6.0],"to":[10.0,9.0,10.0],"faces":{"east":{"uv":[7.25,7.125,7.75,8.25],"tintindex":0,"rotation":0,"texture":"#0"},"south":{"uv":[7.375,0.0,7.875,1.125],"tintindex":0,"rotation":0,"texture":"#0"},"north":{"uv":[0.0,7.25,0.5,8.375],"tintindex":0,"rotation":0,"texture":"#0"},"west":{"uv":[7.375,1.125,7.875,2.25],"tintindex":0,"rotation":0,"texture":"#0"},"up":{"uv":[2.25,4.875,1.75,4.375],"tintindex":0,"rotation":0,"texture":"#0"},"down":{"uv":[7.875,2.25,7.375,2.75],"tintindex":0,"rotation":0,"texture":"#0"}}}],"display":{"gui":{"rotation":[-150.0,-45.0,180.0]}}}