{"textures":{"0":"modelengine:entity/shaman","particle":"#0"},"elements":[{"from":[6.0,-2.916668,5.125],"to":[11.0,9.083332,10.125],"faces":{"east":{"uv":[1.875,5.25,2.5,6.75],"tintindex":0,"rotation":0,"texture":"#0"},"south":{"uv":[2.5,5.25,3.125,6.75],"tintindex":0,"rotation":0,"texture":"#0"},"north":{"uv":[1.25,5.0,1.875,6.5],"tintindex":0,"rotation":0,"texture":"#0"},"west":{"uv":[5.375,4.125,6.0,5.625],"tintindex":0,"rotation":0,"texture":"#0"},"up":{"uv":[5.0,9.125,4.375,8.5],"tintindex":0,"rotation":0,"texture":"#0"},"down":{"uv":[5.625,8.5,5.0,9.125],"tintindex":0,"rotation":0,"texture":"#0"}},"rotation":{"origin":[7.0,7.083332,8.125],"angle":22.5,"axis":"x"}},{"from":[5.5,6.0,6.0],"to":[11.5,10.0,12.0],"faces":{"east":{"uv":[9.125,1.75,9.875,2.25],"tintindex":0,"rotation":0,"texture":"#0"},"south":{"uv":[1.875,9.125,2.625,9.625],"tintindex":0,"rotation":0,"texture":"#0"},"north":{"uv":[9.125,1.25,9.875,1.75],"tintindex":0,"rotation":0,"texture":"#0"},"west":{"uv":[9.125,3.0,9.875,3.5],"tintindex":0,"rotation":0,"texture":"#0"},"up":{"uv":[5.875,8.5,5.125,7.75],"tintindex":0,"rotation":0,"texture":"#0"},"down":{"uv":[8.5,7.125,7.75,7.875],"tintindex":0,"rotation":0,"texture":"#0"}},"rotation":{"origin":[8.5,10.5,8.5],"angle":22.5,"axis":"x"}}],"display":{"gui":{"rotation":[-150.0,-45.0,180.0]}}}