{"textures":{"0":"modelengine:entity/shaman","particle":"#0"},"elements":[{"from":[6.0,-2.2232294,5.583804],"to":[10.0,8.776772,9.583804],"faces":{"east":{"uv":[6.875,0.0,7.375,1.375],"tintindex":0,"rotation":0,"texture":"#0"},"south":{"uv":[6.875,1.375,7.375,2.75],"tintindex":0,"rotation":0,"texture":"#0"},"north":{"uv":[3.75,5.75,4.25,7.125],"tintindex":0,"rotation":0,"texture":"#0"},"west":{"uv":[0.625,7.125,1.125,8.5],"tintindex":0,"rotation":0,"texture":"#0"},"up":{"uv":[0.5,9.375,0.0,8.875],"tintindex":0,"rotation":0,"texture":"#0"},"down":{"uv":[1.125,9.0,0.625,9.5],"tintindex":0,"rotation":0,"texture":"#0"}},"rotation":{"origin":[8.0,7.740452,8.1671295],"angle":45.0,"axis":"x"}},{"from":[5.5,-7.2232294,5.125],"to":[10.5,-2.2232294,10.125],"faces":{"east":{"uv":[6.25,8.5,6.875,9.125],"tintindex":0,"rotation":0,"texture":"#0"},"south":{"uv":[8.5,6.625,9.125,7.25],"tintindex":0,"rotation":0,"texture":"#0"},"north":{"uv":[5.625,8.5,6.25,9.125],"tintindex":0,"rotation":0,"texture":"#0"},"west":{"uv":[8.5,7.25,9.125,7.875],"tintindex":0,"rotation":0,"texture":"#0"},"up":{"uv":[9.25,0.625,8.625,0.0],"tintindex":0,"rotation":0,"texture":"#0"},"down":{"uv":[9.25,0.625,8.625,1.25],"tintindex":0,"rotation":0,"texture":"#0"}},"rotation":{"origin":[8.0,7.740452,8.1671295],"angle":45.0,"axis":"x"}}],"display":{"gui":{"rotation":[-150.0,-45.0,180.0]}}}