{"textures":{"0":"modelengine:entity/shaman","particle":"#0"},"elements":[{"from":[5.5,-1.3065634,4.958804],"to":[10.5,9.693438,9.958804],"faces":{"east":{"uv":[3.125,5.75,3.75,7.125],"tintindex":0,"rotation":0,"texture":"#0"},"south":{"uv":[6.0,4.0,6.625,5.375],"tintindex":0,"rotation":0,"texture":"#0"},"north":{"uv":[0.625,5.75,1.25,7.125],"tintindex":0,"rotation":0,"texture":"#0"},"west":{"uv":[6.125,5.375,6.75,6.75],"tintindex":0,"rotation":0,"texture":"#0"},"up":{"uv":[3.75,9.125,3.125,8.5],"tintindex":0,"rotation":0,"texture":"#0"},"down":{"uv":[9.125,3.25,8.5,3.875],"tintindex":0,"rotation":0,"texture":"#0"}},"rotation":{"origin":[10.0,7.1934376,7.458804],"angle":22.5,"axis":"x"}}],"display":{"gui":{"rotation":[-150.0,-45.0,180.0]}}}