{"textures":{"0":"modelengine:entity/shaman","particle":"#0"},"elements":[{"from":[5.0,-2.916668,5.125],"to":[10.0,9.083332,10.125],"faces":{"east":{"uv":[4.875,5.625,5.5,7.125],"tintindex":0,"rotation":0,"texture":"#0"},"south":{"uv":[5.5,5.625,6.125,7.125],"tintindex":0,"rotation":0,"texture":"#0"},"north":{"uv":[4.25,5.625,4.875,7.125],"tintindex":0,"rotation":0,"texture":"#0"},"west":{"uv":[0.0,5.75,0.625,7.25],"tintindex":0,"rotation":0,"texture":"#0"},"up":{"uv":[9.25,6.0,8.625,5.375],"tintindex":0,"rotation":0,"texture":"#0"},"down":{"uv":[1.875,8.75,1.25,9.375],"tintindex":0,"rotation":0,"texture":"#0"}},"rotation":{"origin":[6.0,7.083332,8.125],"angle":22.5,"axis":"x"}},{"from":[4.5,6.0,6.0],"to":[10.5,10.0,12.0],"faces":{"east":{"uv":[9.125,3.5,9.875,4.0],"tintindex":0,"rotation":0,"texture":"#0"},"south":{"uv":[3.875,9.125,4.625,9.625],"tintindex":0,"rotation":0,"texture":"#0"},"north":{"uv":[3.125,9.125,3.875,9.625],"tintindex":0,"rotation":0,"texture":"#0"},"west":{"uv":[9.125,4.0,9.875,4.5],"tintindex":0,"rotation":0,"texture":"#0"},"up":{"uv":[8.625,0.75,7.875,0.0],"tintindex":0,"rotation":0,"texture":"#0"},"down":{"uv":[8.625,0.75,7.875,1.5],"tintindex":0,"rotation":0,"texture":"#0"}},"rotation":{"origin":[-13.5,10.5,8.5],"angle":22.5,"axis":"x"}}],"display":{"gui":{"rotation":[-150.0,-45.0,180.0]}}}