{"textures":{"0":"modelengine:entity/shaman","particle":"#0"},"elements":[{"from":[5.5,-1.0,3.5],"to":[10.5,1.0000005,10.5],"faces":{"east":{"uv":[6.625,9.125,7.5,9.375],"tintindex":0,"rotation":0,"texture":"#0"},"south":{"uv":[9.25,1.0,9.875,1.25],"tintindex":0,"rotation":0,"texture":"#0"},"north":{"uv":[9.25,0.75,9.875,1.0],"tintindex":0,"rotation":0,"texture":"#0"},"west":{"uv":[9.125,6.625,10.0,6.875],"tintindex":0,"rotation":0,"texture":"#0"},"up":{"uv":[9.0,8.75,8.375,7.875],"tintindex":0,"rotation":0,"texture":"#0"},"down":{"uv":[9.125,1.5,8.5,2.375],"tintindex":0,"rotation":0,"texture":"#0"}}},{"from":[6.0,4.7683716E-7,6.0],"to":[10.0,9.0,10.0],"faces":{"east":{"uv":[2.375,7.375,2.875,8.5],"tintindex":0,"rotation":0,"texture":"#0"},"south":{"uv":[6.125,7.375,6.625,8.5],"tintindex":0,"rotation":0,"texture":"#0"},"north":{"uv":[1.875,7.375,2.375,8.5],"tintindex":0,"rotation":0,"texture":"#0"},"west":{"uv":[6.625,7.375,7.125,8.5],"tintindex":0,"rotation":0,"texture":"#0"},"up":{"uv":[0.5,8.875,0.0,8.375],"tintindex":0,"rotation":0,"texture":"#0"},"down":{"uv":[1.125,8.5,0.625,9.0],"tintindex":0,"rotation":0,"texture":"#0"}}}],"display":{"gui":{"rotation":[-150.0,-45.0,180.0]}}}