{"textures":{"0":"modelengine:entity/shaman","particle":"#0"},"elements":[{"from":[7.25,11.5,-4.5],"to":[8.75,12.500001,-3.0],"faces":{"east":{"uv":[2.5,8.875,2.875,9.125],"tintindex":0,"rotation":0,"texture":"#0"},"south":{"uv":[2.5,9.625,2.875,9.875],"tintindex":0,"rotation":0,"texture":"#0"},"north":{"uv":[5.0,4.5,5.375,4.75],"tintindex":0,"rotation":0,"texture":"#0"},"west":{"uv":[3.125,9.625,3.5,9.875],"tintindex":0,"rotation":0,"texture":"#0"},"up":{"uv":[9.875,2.75,9.5,2.375],"tintindex":0,"rotation":0,"texture":"#0"},"down":{"uv":[9.25,9.5,8.875,9.875],"tintindex":0,"rotation":0,"texture":"#0"}},"rotation":{"origin":[7.5,12.750001,0.75],"angle":-45.0,"axis":"x"}},{"from":[7.75,-4.5,-4.0],"to":[8.25,13.500001,-3.5],"faces":{"east":{"uv":[0.5,7.25,0.625,11.75],"tintindex":0,"rotation":0,"texture":"#0"},"south":{"uv":[2.875,7.375,3.0,11.875],"tintindex":0,"rotation":0,"texture":"#0"},"north":{"uv":[1.125,7.125,1.25,11.625],"tintindex":0,"rotation":0,"texture":"#0"},"west":{"uv":[3.0,7.375,3.125,11.875],"tintindex":0,"rotation":0,"texture":"#0"},"up":{"uv":[9.375,6.0,9.25,5.875],"tintindex":0,"rotation":0,"texture":"#0"},"down":{"uv":[0.5,9.375,0.375,9.5],"tintindex":0,"rotation":0,"texture":"#0"}},"rotation":{"origin":[7.5,12.750001,0.75],"angle":-45.0,"axis":"x"}},{"from":[7.0,12.500001,-4.5],"to":[9.0,14.000001,-2.5],"faces":{"east":{"uv":[9.125,7.25,9.625,7.625],"tintindex":0,"rotation":0,"texture":"#0"},"south":{"uv":[9.25,0.0,9.75,0.375],"tintindex":0,"rotation":0,"texture":"#0"},"north":{"uv":[9.125,6.875,9.625,7.25],"tintindex":0,"rotation":0,"texture":"#0"},"west":{"uv":[9.25,0.375,9.75,0.75],"tintindex":0,"rotation":0,"texture":"#0"},"up":{"uv":[6.125,9.625,5.625,9.125],"tintindex":0,"rotation":0,"texture":"#0"},"down":{"uv":[6.625,9.125,6.125,9.625],"tintindex":0,"rotation":0,"texture":"#0"}},"rotation":{"origin":[7.5,12.750001,0.75],"angle":-45.0,"axis":"x"}},{"from":[7.0,2.8883853,6.791902],"to":[9.0,8.388386,8.791903],"faces":{"east":{"uv":[3.625,7.125,4.125,8.5],"tintindex":0,"rotation":0,"texture":"#0"},"south":{"uv":[4.125,7.125,4.625,8.5],"tintindex":0,"rotation":0,"texture":"#0"},"north":{"uv":[3.125,7.125,3.625,8.5],"tintindex":0,"rotation":0,"texture":"#0"},"west":{"uv":[4.625,7.125,5.125,8.5],"tintindex":0,"rotation":0,"texture":"#0"},"up":{"uv":[5.125,9.625,4.625,9.125],"tintindex":0,"rotation":0,"texture":"#0"},"down":{"uv":[5.625,9.125,5.125,9.625],"tintindex":0,"rotation":0,"texture":"#0"}},"rotation":{"origin":[8.0,7.870226,8.083565],"angle":45.0,"axis":"x"}},{"from":[6.75,0.3883853,6.5625],"to":[9.25,2.8883853,9.0625],"faces":{"east":{"uv":[8.75,6.0,9.375,6.625],"tintindex":0,"rotation":0,"texture":"#0"},"south":{"uv":[7.75,8.75,8.375,9.375],"tintindex":0,"rotation":0,"texture":"#0"},"north":{"uv":[8.75,4.5,9.375,5.125],"tintindex":0,"rotation":0,"texture":"#0"},"west":{"uv":[8.375,8.75,9.0,9.375],"tintindex":0,"rotation":0,"texture":"#0"},"up":{"uv":[9.5,3.0,8.875,2.375],"tintindex":0,"rotation":0,"texture":"#0"},"down":{"uv":[9.625,7.875,9.0,8.5],"tintindex":0,"rotation":0,"texture":"#0"}},"rotation":{"origin":[8.0,7.870226,8.083565],"angle":45.0,"axis":"x"}}],"display":{"gui":{"rotation":[-150.0,-45.0,180.0]}}}