{"textures":{"0":"modelengine:entity/shaman","particle":"#0"},"elements":[{"from":[5.5,-1.3065634,4.958804],"to":[10.5,9.693438,9.958804],"faces":{"east":{"uv":[6.25,1.375,6.875,2.75],"tintindex":0,"rotation":0,"texture":"#0"},"south":{"uv":[1.25,6.5,1.875,7.875],"tintindex":0,"rotation":0,"texture":"#0"},"north":{"uv":[6.25,0.0,6.875,1.375],"tintindex":0,"rotation":0,"texture":"#0"},"west":{"uv":[6.625,2.75,7.25,4.125],"tintindex":0,"rotation":0,"texture":"#0"},"up":{"uv":[4.375,9.125,3.75,8.5],"tintindex":0,"rotation":0,"texture":"#0"},"down":{"uv":[9.125,3.875,8.5,4.5],"tintindex":0,"rotation":0,"texture":"#0"}},"rotation":{"origin":[10.0,7.1934376,7.458804],"angle":22.5,"axis":"x"}}],"display":{"gui":{"rotation":[-150.0,-45.0,180.0]}}}